blockNumber,txHash,token_symbols,token_addresses,pools,pool_addresses
16086244,0xe0916ac3e406ceb3409304f1e3c1a29ae1b25199e8e620e0ee5f20df7be803a8,SRM WETH,0x476c5e26a75bd202a9683ffd34359c0cc15be0ff 0xc02aaa39b223fe8d0a0e5c4f27ead9083c756cc2,SRM-WETH(usp2) SRM-WETH(sush),0xcc3d1ecef1f9fd25599dbea2755019dc09db3c54 0x117d4288b3635021a3d612fe05a3cbf5c717fef2
16086274,0x7cd91e9c727eda85578eb6a88f1a21416758e240f9f60909131c0e27717f66cb,RARI WETH,0xfca59cd816ab1ead66534d82bc21e7515ce441cf 0xc02aaa39b223fe8d0a0e5c4f27ead9083c756cc2,WETH-RARI(usp2) WETH-RARI(sush),0x86fef14c27c78deaeb4349fd959caa11fc5b5d75 0x53aabccae8c1713a6a150d9981d2ee867d0720e8
16086327,0x11b0120b2a3e88e66f3417dc7a9b1e9fe618cda4376ed085f776c134c5637db3,WETH API3,0xc02aaa39b223fe8d0a0e5c4f27ead9083c756cc2 0x0b38210ea11411557c13457d4da7dc6ea731b88a,API3-WETH(sush) API3-WETH(usp2),0xa8aec03d5cf2824fd984ee249493d6d4d6740e61 0x4dd26482738be6c06c31467a19dcda9ad781e8c4
16086379,0x89cd96bdf6fd4e6994561c9d81afc19f6f78412e06ac94e23153324811aa9106,TOKE WETH,0x2e9d63788249371f1dfc918a52f8d799f4a38c94 0xc02aaa39b223fe8d0a0e5c4f27ead9083c756cc2,TOKE-WETH(sush) TOKE-WETH(usp2),0xd4e7a6e2d03e4e48dfc27dd3f46df1c176647e38 0x5fa464cefe8901d66c09b85d5fcdc55b3738c688
16086404,0xddff0d1a2cda04450a324961b24507dafcef87d3663bfac020ba2c226b1f774e,WETH SNX,0xc02aaa39b223fe8d0a0e5c4f27ead9083c756cc2 0xc011a73ee8576fb46f5e1c5751ca3b9fe0af2a6f,SNX-WETH(usp2) SNX-WETH(sush),0x43ae24960e5534731fc831386c07755a2dc33d47 0xa1d7b2d891e3a1f9ef4bbc5be20630c2feb1c470
16086407,0xe9d344fa31ef2403ef7463a098f6b6dd6c9936207cef0e4595f6b898ef869c84,WETH GALA,0xc02aaa39b223fe8d0a0e5c4f27ead9083c756cc2 0x15d4c048f83bd7e37d49ea4c83a07267ec4203da,GALA-WETH(usp2) GALA-WETH(sush),0xbe19c32b4cd202407e8eeb73e4e2949438461ae3 0xfa405a40d3fe345e3d5e460c8d9da39ac0fb13bd
16086474,0x27352611c17bbd74c6a482e6935172d4b17555fb9bd852b3a3b7a5776fe13f55,WDOGE WETH,0x35a532d376ffd9a705d0bb319532837337a398e7 0xc02aaa39b223fe8d0a0e5c4f27ead9083c756cc2,WDOGE-WETH(usp2) WDOGE-WETH(sush),0xc3d7aa944105d3fafe07fc1822102449c916a8d0 0x60bce13608701789ab9c8faa9b82de115ea8744d
16086544,0x2531225c97accfe5577296b18da060313f43bbdd2690fff7defa989ff158b998,STND USDC WETH,0x9040e237c3bf18347bb00957dc22167d0f2b999d 0xa0b86991c6218b36c1d19d4a2e9eb0ce3606eb48 0xc02aaa39b223fe8d0a0e5c4f27ead9083c756cc2,STND-WETH(usp2) STND-WETH(sush),0xe94272661fd46362e5dd247221e0fc018a298d09 0xf52e78d8cc299aa43da5e2b27c7b27f5bda9095a
16086571,0x17730a3c89e38248bc510a6a05b87150046e932f7d88325d65aba49dddd654b2,SUKU WETH,0x0763fdccf1ae541a5961815c0872a8c5bc6de4d7 0xc02aaa39b223fe8d0a0e5c4f27ead9083c756cc2,SUKU-WETH(sush) SUKU-WETH(usp2),0x2979fa622ccb9f6b8925ca831f30c405077730c6 0xfc74ecdee4e9fff2f2ef4cdf4f1c777b2ef0e905
16086699,0x5ad1f65468e40a23a653a14d5c4fb6944123bdece95b9b4b312fd21745cf93e2,CREAM WETH,0x2ba592f78db6436527729929aaf6c908497cb200 0xc02aaa39b223fe8d0a0e5c4f27ead9083c756cc2,CREAM-WETH(sush) CREAM-WETH(usp2),0xf169cea51eb51774cf107c88309717dda20be167 0xddf9b7a31b32ebaf5c064c80900046c9e5b7c65f
16086707,0xd489aa0f22ce6ed2fa2f2616b465c6b68aa4b01161339f99a86a061453dbc472,WETH FNX,0xc02aaa39b223fe8d0a0e5c4f27ead9083c756cc2 0xef9cd7882c067686691b6ff49e650b43afbbcc6b,WETH-FNX(usp2) WETH-FNX(sush),0x722885cab8be10b27f359fcb225808fe2af07b16 0xaa500101c73065f755ba9b902d643705ef2523e3
16086720,0xfe969d0a8ba2c924b86c262ce273b3f28ed6e0c5da56dd68ade852da86054df7,EYE WETH SCX,0x155ff1a85f440ee0a382ea949f24ce4e0b751c65 0xc02aaa39b223fe8d0a0e5c4f27ead9083c756cc2 0x1b8568fbb47708e9e9d31ff303254f748805bf21,SCX-WETH(usp2) EYE-SCX(usp2) EYE-WETH(usp2),0x319ead06eb01e808c80c7eb9bd77c5d8d163addb 0xf047ee812b21050186f86106f6cabdfec35366c6 0x54965801946d768b395864019903aef8b5b63bb3
16086728,0x7ed4c4c7f3a86f9e1781b3eb7377ceb66674830ee1d6086903b16570bb520124,CREAM WETH,0x2ba592f78db6436527729929aaf6c908497cb200 0xc02aaa39b223fe8d0a0e5c4f27ead9083c756cc2,CREAM-WETH(sush) CREAM-WETH(usp2),0xf169cea51eb51774cf107c88309717dda20be167 0xddf9b7a31b32ebaf5c064c80900046c9e5b7c65f
16086731,0x14c750948dd5f92227bd5281ebfa24f58dc73bb69f234110ffbb509508418490,CREAM WETH,0x2ba592f78db6436527729929aaf6c908497cb200 0xc02aaa39b223fe8d0a0e5c4f27ead9083c756cc2,CREAM-WETH(sush) CREAM-WETH(usp2),0xf169cea51eb51774cf107c88309717dda20be167 0xddf9b7a31b32ebaf5c064c80900046c9e5b7c65f
16086737,0xc5c32e063a4eeace06124dcd03a4ddfa47748291c68edc887a62282d00bfc4c8,BFC WETH,0x0c7d5ae016f806603cb1782bea29ac69471cab9c 0xc02aaa39b223fe8d0a0e5c4f27ead9083c756cc2,BFC-WETH(usp2) BFC-WETH(sush),0x01688e1a356c38a8ed7c565bf6c6bfd59543a560 0x281df7fc89294c84afa2a21ffee8f6807f9c9226
16086747,0xd60bf4c5690e13a7a898fcb741936f9caa07251ece8444b3190287313e7aa590,CREAM WETH,0x2ba592f78db6436527729929aaf6c908497cb200 0xc02aaa39b223fe8d0a0e5c4f27ead9083c756cc2,CREAM-WETH(sush) CREAM-WETH(usp2),0xf169cea51eb51774cf107c88309717dda20be167 0xddf9b7a31b32ebaf5c064c80900046c9e5b7c65f
16086748,0xf51a9a5a60ef6a363449db31c551ad6a39e50a4f189f315e104ff68f1465a19b,BFC WETH,0x0c7d5ae016f806603cb1782bea29ac69471cab9c 0xc02aaa39b223fe8d0a0e5c4f27ead9083c756cc2,BFC-WETH(usp2) BFC-WETH(sush),0x01688e1a356c38a8ed7c565bf6c6bfd59543a560 0x281df7fc89294c84afa2a21ffee8f6807f9c9226
16086751,0x4e5d6106ebba79e2ef977ab52f15436ce4f23c6640f06e0423d07b7787a1146c,BFC WETH,0x0c7d5ae016f806603cb1782bea29ac69471cab9c 0xc02aaa39b223fe8d0a0e5c4f27ead9083c756cc2,BFC-WETH(usp2) BFC-WETH(sush),0x01688e1a356c38a8ed7c565bf6c6bfd59543a560 0x281df7fc89294c84afa2a21ffee8f6807f9c9226
16086755,0xd42b972fffc17d1f6bac44c4b119bf101a5a2be08462f30cea478da729b7bad9,BFC WETH,0x0c7d5ae016f806603cb1782bea29ac69471cab9c 0xc02aaa39b223fe8d0a0e5c4f27ead9083c756cc2,BFC-WETH(usp2) BFC-WETH(sush),0x01688e1a356c38a8ed7c565bf6c6bfd59543a560 0x281df7fc89294c84afa2a21ffee8f6807f9c9226
16086780,0xea6f2f6a688f07cb803778840d02ebca05ac084aac29c1e60d1715dae7982503,CREAM WETH,0x2ba592f78db6436527729929aaf6c908497cb200 0xc02aaa39b223fe8d0a0e5c4f27ead9083c756cc2,CREAM-WETH(sush) CREAM-WETH(usp2),0xf169cea51eb51774cf107c88309717dda20be167 0xddf9b7a31b32ebaf5c064c80900046c9e5b7c65f
16086787,0x012f0bf31c2732b7df3a42c13cd6c9db281cbfe5941f2097204ae47c07af0730,ARTEM WETH GMEE BONDLY,0x9b83f827928abdf18cf1f7e67053572b9bceff3a 0xc02aaa39b223fe8d0a0e5c4f27ead9083c756cc2 0xd9016a907dc0ecfa3ca425ab20b6b785b42f2373 0x91dfbee3965baaee32784c2d546b7a0c62f268c9,BONDLY-WETH(sush) ARTEM-GMEE(usp2) BONDLY-GMEE(sush) ARTEM-WETH(usp2),0x65f550d18cac8e19a97e73108618b443bf301d20 0xb370a9d1139e556ed93861a5111e9486e48bf369 0x9c3ec0db90cf88f1881cabc6cb0faf0c5aa9f1c2 0x790aaa43d71c05ec521a66a529069ae9733a6735
16086803,0x6518ac55e5ad94c04d61fa452dba3f36fbec99b5f18996bb3f9bc7a0ed692d33,WETH TSUKA WAIT,0xc02aaa39b223fe8d0a0e5c4f27ead9083c756cc2 0xc5fb36dd2fb59d3b98deff88425a3f425ee469ed 0x2559813bbb508c4c79e9ccce4703bcb1f149edd7,WAIT-WETH(usp2) WAIT-TSUKA(usp2) WETH-TSUKA(usp2),0x6028eb8adda090cdf08fb5dfbe873081fd736867 0x9632ceef486ffa5e851fb5b9b87f1ced99add663 0xa1af3bb298673f46cf1299efc7e73e7b2e2d20b8
16086809,0x3a4b6f3f6f8a67eba4e8fd3214a41fd3b7f954b9c2921753901df669b9fed5de,WETH SUSHI,0xc02aaa39b223fe8d0a0e5c4f27ead9083c756cc2 0x6b3595068778dd592e39a122f4f5a5cf09c90fe2,SUSHI-WETH(usp2) SUSHI-WETH(sush),0xce84867c3c02b05dc570d0135103d3fb9cc19433 0x795065dcc9f64b5614c407a6efdc400da6221fb0
16086871,0xabd4a97748f17d82e141fe634e89a7995a0bee02673a5ee55e4f9cc1ae04409d,ARTEM WETH REVV,0x9b83f827928abdf18cf1f7e67053572b9bceff3a 0xc02aaa39b223fe8d0a0e5c4f27ead9083c756cc2 0x557b933a7c2c45672b610f8954a3deb39a51a8ca,ARTEM-WETH(usp2) REVV-WETH(sush) REVV-ARTEM(usp2),0x790aaa43d71c05ec521a66a529069ae9733a6735 0xc926990039045611eb1de520c1e249fd0d20a8ea 0xe229a818d7e9f74a6ebbce9a2b2ebc8d7004edd2
16086876,0xb09b51c1e6a421a4c03ff3c4a75c674aecc16ad2b3a50cafceb0d1e49067b0a4,DOGEGF WETH,0xfb130d93e49dca13264344966a611dc79a456bc5 0xc02aaa39b223fe8d0a0e5c4f27ead9083c756cc2,WETH-DOGEGF(sush) WETH-DOGEGF(usp2),0xa416df4d96cd547337a3e8893bf3f01c2a2af5c0 0x6060ad7b2abb5716adc82c669353e5c5f3b9fb4d
16086887,0xb5524b4c0cb43c4c7849658f1425e3c51ff49c036acf3b1c2a958a7ec5644dc8,WETH FNX,0xc02aaa39b223fe8d0a0e5c4f27ead9083c756cc2 0xef9cd7882c067686691b6ff49e650b43afbbcc6b,WETH-FNX(usp2) WETH-FNX(sush),0x722885cab8be10b27f359fcb225808fe2af07b16 0xaa500101c73065f755ba9b902d643705ef2523e3
16086896,0xb79070d4dd61d668be9ac7a53fccf9b51c8ffa33dbd0783d28cdc352f94263e8,WETH DAO,0xc02aaa39b223fe8d0a0e5c4f27ead9083c756cc2 0x0f51bb10119727a7e5ea3538074fb341f56b09ad,DAO-WETH(sush) DAO-WETH(usp2),0x96f5b7c2be10dc7de02fa8858a8f1bd19c2fa72a 0x7dd3f5705504002dc946aeafe6629b9481b72272
16086911,0x16ff09ae2ebea0e06c44884fb7dbf5f31e7b1c95fccf59e8d960cde0b5d329e4,ARA USDC WETH GTON,0xa92e7c82b11d10716ab534051b271d2f6aef7df5 0xa0b86991c6218b36c1d19d4a2e9eb0ce3606eb48 0xc02aaa39b223fe8d0a0e5c4f27ead9083c756cc2 0x01e0e2e61f554ecaaec0cc933e739ad90f24a86d,USDC-ARA(sush) ARA-WETH(usp2) GTON-USDC(sush) GTON-WETH(sush),0x81ef0c70fa76c8e7563cb26ee34a2e7f2a77c410 0x6d2f0fabb11ea0b1f4416711758e86e86fa7c154 0x0b3ecea6bc79be3ecc805528655c4fc173cac2dd 0xba38eca6dfdb92ec605c4281c3944fccd9dec898
16086926,0x3faeab0a83776a74d45ff8349ab0a81fd919962b1805c27d513a90502c4b832b,USDC HDRN HEX,0xa0b86991c6218b36c1d19d4a2e9eb0ce3606eb48 0x3819f64f282bf135d62168c1e513280daf905e06 0x2b591e99afe9f32eaa6214f7b7629768c40eeb39,HEX-USDC(usp2) HDRN-USDC(usp2) HEX-HDRN(usp2),0xf6dcdce0ac3001b2f67f750bc64ea5beb37b5824 0x841bb1966c1d1b80634111691471c667e4c2bfe4 0x035a397725d3c9fc5ddd3e56066b7b64c749014e
16086953,0x04f15ce11698cc89dbadc8657aa33837341b79714f3b34cc6f9be1ea6dfe29bb,BETTER WETH RARE,0xa7925aa2a6e4575ab0c74d169f3bc3e03d4c319a 0xc02aaa39b223fe8d0a0e5c4f27ead9083c756cc2 0xba5bde662c17e2adff1075610382b9b691296350,BETTER-WETH(usp2) RARE-WETH(sush) BETTER-RARE(usp2),0x0954955cad72ce5e5a879922ffbd757b04f9046c 0x24e2adf50c49633039757ab08bff489b7c5bd6b2 0xa490ee2d50ce35fa15fbb04573b94a2a62fc1d99
16086953,0x37f0fd2632d38a67caec3d487d9e21ed3a3870eb7da6220d499e3c08e2f9351d,YOP WETH,0xae1eaae3f627aaca434127644371b67b18444051 0xc02aaa39b223fe8d0a0e5c4f27ead9083c756cc2,YOP-WETH(usp2) YOP-WETH(sush),0xd65e975c7d0d5871eff8b079120e43c9f377ada1 0xe4275e185074afa0b760a6b0787ef42f4b030813
16086975,0x198895215be9cc5ed42cbfcabdb3437102644b9bc7305043dee7c6ae0c36d186,UST WETH MIR,0xa47c8bf37f92abed4a126bda807a7b7498661acd 0xc02aaa39b223fe8d0a0e5c4f27ead9083c756cc2 0x09a3ecafa817268f77be1283176b946c4ff2e608,MIR-UST(usp2) MIR-WETH(usp2) UST-WETH(sush),0x87da823b6fc8eb8575a235a824690fda94674c88 0x57ab5aeb8bac2586a0d437163c3eb844246336ce 0x8b00ee8606cc70c2dce68dea0cefe632cca0fb7b
16086986,0xacb9fcba89f6a9f701339eeab921efebea62dd4ee11df62147b719cfacdb8ec9,WETH FNX,0xc02aaa39b223fe8d0a0e5c4f27ead9083c756cc2 0xef9cd7882c067686691b6ff49e650b43afbbcc6b,WETH-FNX(usp2) WETH-FNX(sush),0x722885cab8be10b27f359fcb225808fe2af07b16 0xaa500101c73065f755ba9b902d643705ef2523e3
16087032,0x01f0fc23def78a7835bc2ca4f207514187f358594b8927da5874f301ca705edf,WETH REVV PROS,0xc02aaa39b223fe8d0a0e5c4f27ead9083c756cc2 0x557b933a7c2c45672b610f8954a3deb39a51a8ca 0x8642a849d0dcb7a15a974794668adcfbe4794b56,REVV-WETH(usp2) PROS-WETH(sush) REVV-PROS(usp2),0x724d5c9c618a2152e99a45649a3b8cf198321f46 0x19b80a02798feeaca61274104fd7047a6e569ba1 0x66cab8b4acc7d125d2b5683392d4f5614093dbf0
16087060,0xb3b74d3abcb3b678d236d7ccf0d38e0af7ddd5cecb7b946a61ff8d58b7fd9550,WETH FNX,0xc02aaa39b223fe8d0a0e5c4f27ead9083c756cc2 0xef9cd7882c067686691b6ff49e650b43afbbcc6b,WETH-FNX(usp2) WETH-FNX(sush),0x722885cab8be10b27f359fcb225808fe2af07b16 0xaa500101c73065f755ba9b902d643705ef2523e3
16087102,0x593966fa849ec681e1dfacb02f91a7241ac35edb60857129739bba9ff8d767d1,WETH INJ,0xc02aaa39b223fe8d0a0e5c4f27ead9083c756cc2 0xe28b3b32b6c345a34ff64674606124dd5aceca30,WETH-INJ(sush) WETH-INJ(usp2),0xfb3cd0b8a5371fe93ef92e3988d30df7931e2820 0x3c70f4faea49e50adc8305f2e1aa0ea326a54ffc
16087109,0xe7bb8d1abda58285465a79e476ecd55a4412e572fdab8a752914efd802a86c56,BFC WETH,0x0c7d5ae016f806603cb1782bea29ac69471cab9c 0xc02aaa39b223fe8d0a0e5c4f27ead9083c756cc2,BFC-WETH(usp2) BFC-WETH(sush),0x01688e1a356c38a8ed7c565bf6c6bfd59543a560 0x281df7fc89294c84afa2a21ffee8f6807f9c9226
16087119,0x2ffcb0ee9f2ab4b04990a5ca5d62c432ad4ab32c5fc5ce084089b98e9f6ab246,SUKU WETH,0x0763fdccf1ae541a5961815c0872a8c5bc6de4d7 0xc02aaa39b223fe8d0a0e5c4f27ead9083c756cc2,SUKU-WETH(sush) SUKU-WETH(usp2),0x2979fa622ccb9f6b8925ca831f30c405077730c6 0xfc74ecdee4e9fff2f2ef4cdf4f1c777b2ef0e905
16087165,0xcac9d054b50a2298e33230845759085847b2e0a04335f13752daa78d17503e1b,WETH UFT,0xc02aaa39b223fe8d0a0e5c4f27ead9083c756cc2 0x0202be363b8a4820f3f4de7faf5224ff05943ab1,UFT-WETH(sush) UFT-WETH(usp2),0xc4b26b26d720467d96e18f08664a888d4116cea6 0x99dfde431b40321a35deb6aeb55cf338ddd6eccd
16087170,0xfa775a1c0f316ca48c146ee00125ab7ec92df617470a20261631e24cb3fd592f,WETH UFT,0xc02aaa39b223fe8d0a0e5c4f27ead9083c756cc2 0x0202be363b8a4820f3f4de7faf5224ff05943ab1,UFT-WETH(sush) UFT-WETH(usp2),0xc4b26b26d720467d96e18f08664a888d4116cea6 0x99dfde431b40321a35deb6aeb55cf338ddd6eccd
16087183,0xaf4b1692683eaf632c2e38e5280c968011cb137b87733da3c14a3ede235ee162,DINO WETH,0x49642110b712c1fd7261bc074105e9e44676c68f 0xc02aaa39b223fe8d0a0e5c4f27ead9083c756cc2,DINO-WETH(usp2) DINO-WETH(sush),0x82d6b30bff73c6363d024cbc2f44d1cbbee5972e 0xbded49a446de07bb9c1568a4da975d2d319d0d55
16087250,0x84208c66e866fb2452f7c26770643a66ad7dae60b2d670f732c74e58d3ea7d8d,WETH AMP,0xc02aaa39b223fe8d0a0e5c4f27ead9083c756cc2 0xff20817765cb7f73d4bde2e66e067e58d11095c2,WETH-AMP(usp2) WETH-AMP(sush),0x08650bb9dc722c9c8c62e79c2bafa2d3fc5b3293 0x15e86e6f65ef7ea1dbb72a5e51a07926fb1c82e3
16087258,0x93a87f92f7feabead8e0531ce70a6dcafadd20fde3ac0f5e54b3c40a230d4ac5,WETH DCMC,0xc02aaa39b223fe8d0a0e5c4f27ead9083c756cc2 0xd85301d4ab345b901a0ef369f69f7e6ff06b97a3,WETH-DCMC(sush) WETH-DCMC(usp2),0x29460f8bfc8d11ed533e0b329e23bbe23c053157 0x6d051fe6f3f53dce2981757b480c468c22e91983
16087260,0x942e810610e6a7268240ecdcec4510c7a0ea409861be66efc4c846f239351fd4,WETH DCMC,0xc02aaa39b223fe8d0a0e5c4f27ead9083c756cc2 0xd85301d4ab345b901a0ef369f69f7e6ff06b97a3,WETH-DCMC(sush) WETH-DCMC(usp2),0x29460f8bfc8d11ed533e0b329e23bbe23c053157 0x6d051fe6f3f53dce2981757b480c468c22e91983
16087300,0xd38d384b2d9c3e0e3457cb6453f17f75368a9c41f3280b1e4dc3bfb7b28c03cd,PEAK WETH,0x630d98424efe0ea27fb1b3ab7741907dffeaad78 0xc02aaa39b223fe8d0a0e5c4f27ead9083c756cc2,PEAK-WETH(usp2) PEAK-WETH(sush),0x9c18a2f9545112ab2fcbdd228536562406a53232 0x5399a36f54ca91a5db5c148eeb2b909bba81b82c
16087301,0xadd99233d1437a9fd3cf97fafc2c6b54eeb9f8eff787fc2d3475d377174cf0ad,PEAK WDOGE WETH WBTC,0x630d98424efe0ea27fb1b3ab7741907dffeaad78 0x35a532d376ffd9a705d0bb319532837337a398e7 0xc02aaa39b223fe8d0a0e5c4f27ead9083c756cc2 0x2260fac5e5542a773aa44fbcfedf7c193bc2c599,PEAK-WETH(usp2) WBTC-PEAK(usp2) WBTC-WDOGE(usp2) WDOGE-WETH(usp2),0x9c18a2f9545112ab2fcbdd228536562406a53232 0xc2f71bbca8fc4b8f0646bfe49c2514913f51c328 0x56b9f76ae3c872818f9250a700a2626240ae0169 0xc3d7aa944105d3fafe07fc1822102449c916a8d0
16087313,0xc57e32e432ecea0e6c7fd6199c1770019e7fd78afed475fba2c8aa1117ab0b5b,WETH DCMC,0xc02aaa39b223fe8d0a0e5c4f27ead9083c756cc2 0xd85301d4ab345b901a0ef369f69f7e6ff06b97a3,WETH-DCMC(sush) WETH-DCMC(usp2),0x29460f8bfc8d11ed533e0b329e23bbe23c053157 0x6d051fe6f3f53dce2981757b480c468c22e91983
16087315,0x45baa610a63942c6bb45593c3fb0c00c22c4a6adf213cfdc7a3b8f0f24dddaaa,USDC MASK,0xa0b86991c6218b36c1d19d4a2e9eb0ce3606eb48 0x69af81e73a73b40adf4f3d4223cd9b1ece623074,MASK-USDC(usp2) MASK-USDC(sush),0xa40bb1c47f6dd27142a2bd7c93bfa98db9d1f5c5 0x31fa985bb0c282a814e7f3f0dce88b2a44197f60
16087318,0x49ee3e734aafad22e844658a12d8ea1fa9fa82af163c8f5db85f48f62d908590,WETH DCMC,0xc02aaa39b223fe8d0a0e5c4f27ead9083c756cc2 0xd85301d4ab345b901a0ef369f69f7e6ff06b97a3,WETH-DCMC(sush) WETH-DCMC(usp2),0x29460f8bfc8d11ed533e0b329e23bbe23c053157 0x6d051fe6f3f53dce2981757b480c468c22e91983
16087341,0x2e7fa0f19b4e93d98fe2ad20ec8a678d35a79e2d29d635ff2c552a56796bbfb8,WETH FNX,0xc02aaa39b223fe8d0a0e5c4f27ead9083c756cc2 0xef9cd7882c067686691b6ff49e650b43afbbcc6b,WETH-FNX(usp2) WETH-FNX(sush),0x722885cab8be10b27f359fcb225808fe2af07b16 0xaa500101c73065f755ba9b902d643705ef2523e3
16087346,0x731f5c2d57670af2ac29c7640a63d3ca762090c7e39fb284aa328f6b6ab8eb05,WETH FNX,0xc02aaa39b223fe8d0a0e5c4f27ead9083c756cc2 0xef9cd7882c067686691b6ff49e650b43afbbcc6b,WETH-FNX(usp2) WETH-FNX(sush),0x722885cab8be10b27f359fcb225808fe2af07b16 0xaa500101c73065f755ba9b902d643705ef2523e3
16087349,0x70a340cd14e17af4d596ab30af7204bdc22fd7d687e80f340f2ce93d59dd1241,WETH FNX,0xc02aaa39b223fe8d0a0e5c4f27ead9083c756cc2 0xef9cd7882c067686691b6ff49e650b43afbbcc6b,WETH-FNX(usp2) WETH-FNX(sush),0x722885cab8be10b27f359fcb225808fe2af07b16 0xaa500101c73065f755ba9b902d643705ef2523e3
16087425,0xc9cd9ba4b02c3ef90f502d5accea69da860bc6e91391e070bfc52af1b0da02f5,CREAM WETH,0x2ba592f78db6436527729929aaf6c908497cb200 0xc02aaa39b223fe8d0a0e5c4f27ead9083c756cc2,CREAM-WETH(sush) CREAM-WETH(usp2),0xf169cea51eb51774cf107c88309717dda20be167 0xddf9b7a31b32ebaf5c064c80900046c9e5b7c65f
16087428,0x0b9e5af4eae3184a7d602d12cec4a5a4a8dd3fcb4d85c66e9b929d8bc4871dec,Genysha WETH Mikaboshi,0x77381fd65aa144bddc393e0519052011bcaa9be2 0xc02aaa39b223fe8d0a0e5c4f27ead9083c756cc2 0xae86f48c0b00f2a3eaef4ba4c23d17368f0f63f4,Genyōsha-Mikaboshi(usp2) Genyōsha-WETH(usp2) Mikaboshi-WETH(usp2),0xd65d267a9b0e65bd564535d1f5952788f1e7adc0 0x95bb7d23bab3c204f4c58fbdfc1c3b34b991abf7 0xd0af55fb4be7f8946f06a826056b8993fdff7654
16087432,0x3cbd2afd60052fd58e814980fd8daff08c300751a79b6fd9debaf68a3674342c,CREAM WETH,0x2ba592f78db6436527729929aaf6c908497cb200 0xc02aaa39b223fe8d0a0e5c4f27ead9083c756cc2,CREAM-WETH(sush) CREAM-WETH(usp2),0xf169cea51eb51774cf107c88309717dda20be167 0xddf9b7a31b32ebaf5c064c80900046c9e5b7c65f
16087438,0x6987a3087f401f7b440f1b9a642f74dae9e69601d0687265cc6d773e50f49840,CREAM WETH,0x2ba592f78db6436527729929aaf6c908497cb200 0xc02aaa39b223fe8d0a0e5c4f27ead9083c756cc2,CREAM-WETH(sush) CREAM-WETH(usp2),0xf169cea51eb51774cf107c88309717dda20be167 0xddf9b7a31b32ebaf5c064c80900046c9e5b7c65f
16087445,0x6bdaf088e4beba1d7f8ec403fcce42a5eca1af33dd28e292a9fe154c53024c6e,CREAM WETH,0x2ba592f78db6436527729929aaf6c908497cb200 0xc02aaa39b223fe8d0a0e5c4f27ead9083c756cc2,CREAM-WETH(sush) CREAM-WETH(usp2),0xf169cea51eb51774cf107c88309717dda20be167 0xddf9b7a31b32ebaf5c064c80900046c9e5b7c65f
16087453,0xf36c3e9a3ab2bab03d0636ad1ac5ca8a57529e73f488f999db6de8124f1d0f39,CREAM WETH,0x2ba592f78db6436527729929aaf6c908497cb200 0xc02aaa39b223fe8d0a0e5c4f27ead9083c756cc2,CREAM-WETH(sush) CREAM-WETH(usp2),0xf169cea51eb51774cf107c88309717dda20be167 0xddf9b7a31b32ebaf5c064c80900046c9e5b7c65f
16087471,0x9f05911f3a83ff89d31d41b8d2894452c46300c60c523dfc815300f0033bbd07,CREAM WETH,0x2ba592f78db6436527729929aaf6c908497cb200 0xc02aaa39b223fe8d0a0e5c4f27ead9083c756cc2,CREAM-WETH(sush) CREAM-WETH(usp2),0xf169cea51eb51774cf107c88309717dda20be167 0xddf9b7a31b32ebaf5c064c80900046c9e5b7c65f
16087490,0xa76910f045b13d024da883c852cc188f2553d8b11cec4263d9fbdb90dcb9c085,CREAM WETH,0x2ba592f78db6436527729929aaf6c908497cb200 0xc02aaa39b223fe8d0a0e5c4f27ead9083c756cc2,CREAM-WETH(sush) CREAM-WETH(usp2),0xf169cea51eb51774cf107c88309717dda20be167 0xddf9b7a31b32ebaf5c064c80900046c9e5b7c65f
16087504,0x26612bba34e2ebc8238bd7eee468db2d98955bc93f016d61920aafe330293db2,WETH HARM,0xc02aaa39b223fe8d0a0e5c4f27ead9083c756cc2 0xb8f78ae3df5c541657161194ddbd0c5b44d1bee9,HARM-WETH(sush) HARM-WETH(usp2),0xd346d3eeae2f81755ddfb9bff907a8b492edc93f 0x1437eabf0c60da8478a9e2bf1569ae432e72c465
16087505,0x3c547c6ca5946339db1e1ee24034b11f743b2f95fdff2aad87dbdc72a07bd2ad,CREAM WETH,0x2ba592f78db6436527729929aaf6c908497cb200 0xc02aaa39b223fe8d0a0e5c4f27ead9083c756cc2,CREAM-WETH(sush) CREAM-WETH(usp2),0xf169cea51eb51774cf107c88309717dda20be167 0xddf9b7a31b32ebaf5c064c80900046c9e5b7c65f
16087507,0x1c5862936bf1c75d5a1dd36e8ea3be22b00c6efef9f6df5d67c1185283759895,CREAM WETH,0x2ba592f78db6436527729929aaf6c908497cb200 0xc02aaa39b223fe8d0a0e5c4f27ead9083c756cc2,CREAM-WETH(sush) CREAM-WETH(usp2),0xf169cea51eb51774cf107c88309717dda20be167 0xddf9b7a31b32ebaf5c064c80900046c9e5b7c65f
16087519,0x75a7889e0e11b1a80ed394ce3a0eaec940771754e12e206e66013858a1b9fb87,WETH UFT,0xc02aaa39b223fe8d0a0e5c4f27ead9083c756cc2 0x0202be363b8a4820f3f4de7faf5224ff05943ab1,UFT-WETH(sush) UFT-WETH(usp2),0xc4b26b26d720467d96e18f08664a888d4116cea6 0x99dfde431b40321a35deb6aeb55cf338ddd6eccd
16087525,0x6e9e6760f3f2abcd1a72d791d9bfb89e978f5947c12d016fd00247c1e4ffc801,CREAM WETH,0x2ba592f78db6436527729929aaf6c908497cb200 0xc02aaa39b223fe8d0a0e5c4f27ead9083c756cc2,CREAM-WETH(sush) CREAM-WETH(usp2),0xf169cea51eb51774cf107c88309717dda20be167 0xddf9b7a31b32ebaf5c064c80900046c9e5b7c65f
16087534,0x5297bf5c8ee37245431a1c050bbfc1cfea4e584ace39d5453a02489ca4a99f7c,CREAM WETH,0x2ba592f78db6436527729929aaf6c908497cb200 0xc02aaa39b223fe8d0a0e5c4f27ead9083c756cc2,CREAM-WETH(sush) CREAM-WETH(usp2),0xf169cea51eb51774cf107c88309717dda20be167 0xddf9b7a31b32ebaf5c064c80900046c9e5b7c65f
16087549,0xbe604c82c67af1c4d01a6eefbfabda5fe8c2e5978d0240e24dc68c277931a845,WETH HARM,0xc02aaa39b223fe8d0a0e5c4f27ead9083c756cc2 0xb8f78ae3df5c541657161194ddbd0c5b44d1bee9,HARM-WETH(sush) HARM-WETH(usp2),0xd346d3eeae2f81755ddfb9bff907a8b492edc93f 0x1437eabf0c60da8478a9e2bf1569ae432e72c465
16087553,0xaff24a2f2b14fa76a79771d87d0c4104ba7ad0a560c1af5ea52cd3770afe4656,WETH HARM,0xc02aaa39b223fe8d0a0e5c4f27ead9083c756cc2 0xb8f78ae3df5c541657161194ddbd0c5b44d1bee9,HARM-WETH(sush) HARM-WETH(usp2),0xd346d3eeae2f81755ddfb9bff907a8b492edc93f 0x1437eabf0c60da8478a9e2bf1569ae432e72c465
16087554,0xa04603150e5da2625286abbc30366d4fc6120cb3863ae69291657185600e14e3,CREAM WETH,0x2ba592f78db6436527729929aaf6c908497cb200 0xc02aaa39b223fe8d0a0e5c4f27ead9083c756cc2,CREAM-WETH(sush) CREAM-WETH(usp2),0xf169cea51eb51774cf107c88309717dda20be167 0xddf9b7a31b32ebaf5c064c80900046c9e5b7c65f
16087558,0x625b6a24ead9ccb8f44a324c395632008bd0068ed992295ea43310e72598cfa8,WETH HARM,0xc02aaa39b223fe8d0a0e5c4f27ead9083c756cc2 0xb8f78ae3df5c541657161194ddbd0c5b44d1bee9,HARM-WETH(sush) HARM-WETH(usp2),0xd346d3eeae2f81755ddfb9bff907a8b492edc93f 0x1437eabf0c60da8478a9e2bf1569ae432e72c465
16087561,0x8eb4728e6e650609b44ba8a0f72f20113ac0bcf5745fee90f61f841733d0a712,WETH HARM,0xc02aaa39b223fe8d0a0e5c4f27ead9083c756cc2 0xb8f78ae3df5c541657161194ddbd0c5b44d1bee9,HARM-WETH(sush) HARM-WETH(usp2),0xd346d3eeae2f81755ddfb9bff907a8b492edc93f 0x1437eabf0c60da8478a9e2bf1569ae432e72c465
16087567,0x86376b66b17e2732da73b6e5af66d1e711b99d932dcb41aca0bcea9a12b855a2,UST WETH MIR,0xa47c8bf37f92abed4a126bda807a7b7498661acd 0xc02aaa39b223fe8d0a0e5c4f27ead9083c756cc2 0x09a3ecafa817268f77be1283176b946c4ff2e608,MIR-UST(usp2) MIR-WETH(sush) UST-WETH(sush),0x87da823b6fc8eb8575a235a824690fda94674c88 0x09071bd5ea1b26ad3b24be2839e2f8b44331c66d 0x8b00ee8606cc70c2dce68dea0cefe632cca0fb7b
16087676,0x9b1206be05b0d293841fedf36568b21eea2eef521b0bdb9ddc4b62f69673e100,GET WETH,0x8a854288a5976036a725879164ca3e91d30c6a1b 0xc02aaa39b223fe8d0a0e5c4f27ead9083c756cc2,GET-WETH(sush) GET-WETH(usp2),0xbb19141e045b133169d7c7160c5e54a54cc821b2 0x2680a95fc9de215f1034f073185cc1f2a28b4107
16087782,0xd90895dacf8fe42c1d6ce6e6625532567e42c055f45d4bc5172197b936e2b446,USDC MYTH PROS,0xa0b86991c6218b36c1d19d4a2e9eb0ce3606eb48 0xba41ddf06b7ffd89d1267b5a93bfef2424eb2003 0x8642a849d0dcb7a15a974794668adcfbe4794b56,USDC-MYTH(usp2) PROS-USDC(usp2) PROS-MYTH(usp2),0x4620bee6e5bd679b0242bf0bd6291b0ac45b909b 0x3155acd9f75915fcc21d34035f440da7040bd3ba 0x06780816e8ab8b2c68fbb9f889bacd69c389d298
16087814,0xbe909f6beb8d082f9255222f9fab523beb52d1ccc12feb4e149cd34d209e2a2c,RIO WETH RST,0xf21661d0d1d76d3ecb8e1b9f1c923dbfffae4097 0xc02aaa39b223fe8d0a0e5c4f27ead9083c756cc2 0x1a76bffd6d1fc1660e1d0e0552fde51ddbb120cf,WETH-RIO(usp2) RST-RIO(usp2) RST-WETH(usp2),0x0b85b3000bef3e26e01428d1b525a532ea7513b8 0x4502988e070f96cf3bea50b4811cd5844e13a81b 0x0f027d40c80d8f70f77d3884776531f80b21d20e
16087837,0xcd455a36818041b40277c3e56fe42cdc0ec1140445d4a1a949dc8cd7bae837ea,CREAM WETH,0x2ba592f78db6436527729929aaf6c908497cb200 0xc02aaa39b223fe8d0a0e5c4f27ead9083c756cc2,CREAM-WETH(sush) CREAM-WETH(usp2),0xf169cea51eb51774cf107c88309717dda20be167 0xddf9b7a31b32ebaf5c064c80900046c9e5b7c65f
16087846,0xc38859235f0fe37edb6318664448749ff703fae168023f2193deb080ff874c55,WETH SUSHI,0xc02aaa39b223fe8d0a0e5c4f27ead9083c756cc2 0x6b3595068778dd592e39a122f4f5a5cf09c90fe2,SUSHI-WETH(usp2) SUSHI-WETH(sush),0xce84867c3c02b05dc570d0135103d3fb9cc19433 0x795065dcc9f64b5614c407a6efdc400da6221fb0
16087899,0x36e32e51801ea0a91b4e6095553052e7e3d00a824bddecb9be2858bd4c312425,WETH DCMC,0xc02aaa39b223fe8d0a0e5c4f27ead9083c756cc2 0xd85301d4ab345b901a0ef369f69f7e6ff06b97a3,WETH-DCMC(sush) WETH-DCMC(usp2),0x29460f8bfc8d11ed533e0b329e23bbe23c053157 0x6d051fe6f3f53dce2981757b480c468c22e91983
16087923,0xf33928c665d9781b471c6ec9b4c361ae682223daf808f09e156b25247ae38d5e,WETH DOGE USDT DFI,0xc02aaa39b223fe8d0a0e5c4f27ead9083c756cc2 0x4206931337dc273a630d328da6441786bfad668f 0xdac17f958d2ee523a2206206994597c13d831ec7 0x8fc8f8269ebca376d046ce292dc7eac40c8d358a,DOGE-WETH(usp2) DOGE-USDT(usp2) DFI-USDT(usp2) DFI-WETH(usp2),0xc0067d751fb1172dbab1fa003efe214ee8f419b6 0xfcd13ea0b906f2f87229650b8d93a51b2e839ebd 0x9e251daeb17981477509779612dc2ffa8075aa8e 0xb079d6be3faf5771e354586dbc47d0a3d37c34fb
16088072,0xde2202b391b7ec390776183c6900b8534ce4b4d2d672ecf122d453eae6b34bfa,CREAM HBTC WETH,0x2ba592f78db6436527729929aaf6c908497cb200 0x0316eb71485b0ab14103307bf65a021042c6d380 0xc02aaa39b223fe8d0a0e5c4f27ead9083c756cc2,HBTC-CREAM(sush) HBTC-WETH(usp2) CREAM-WETH(usp2),0x51f5953659e7d63cf0ef60b8674ef819c225169e 0xa6f4eae7fdaa20e632c45d4cd39e4f3961892322 0xddf9b7a31b32ebaf5c064c80900046c9e5b7c65f
16088099,0x7fc2832d90fc605356191f64664d6e21e9a6e70644db06e016097d8a4fa8298e,USDC WETH PROS,0xa0b86991c6218b36c1d19d4a2e9eb0ce3606eb48 0xc02aaa39b223fe8d0a0e5c4f27ead9083c756cc2 0x8642a849d0dcb7a15a974794668adcfbe4794b56,PROS-USDC(usp2) PROS-USDC(sush),0x3155acd9f75915fcc21d34035f440da7040bd3ba 0x2d9824a63f8f63cf1eee95d957099ba1f78bbbcb
16088099,0x4a11dcdce7be0f94cfd1d7e85ef4526ca9565d7d8ed5ea79b6dfeb266873e835,USDC MYTH WETH PROS,0xa0b86991c6218b36c1d19d4a2e9eb0ce3606eb48 0xba41ddf06b7ffd89d1267b5a93bfef2424eb2003 0xc02aaa39b223fe8d0a0e5c4f27ead9083c756cc2 0x8642a849d0dcb7a15a974794668adcfbe4794b56,USDC-MYTH(usp2) PROS-USDC(usp2) PROS-MYTH(usp2),0x4620bee6e5bd679b0242bf0bd6291b0ac45b909b 0x3155acd9f75915fcc21d34035f440da7040bd3ba 0x06780816e8ab8b2c68fbb9f889bacd69c389d298
16088123,0xe83703bd6adaba35f751bdb419dfe5ef49c90800994064bed3349d3de1298de1,USDC HXRO WETH REVV PROS,0xa0b86991c6218b36c1d19d4a2e9eb0ce3606eb48 0x4bd70556ae3f8a6ec6c4080a0c327b24325438f3 0xc02aaa39b223fe8d0a0e5c4f27ead9083c756cc2 0x557b933a7c2c45672b610f8954a3deb39a51a8ca 0x8642a849d0dcb7a15a974794668adcfbe4794b56,PROS-USDC(usp2) HXRO-WETH(sush) HXRO-USDC(usp2) REVV-PROS(usp2) REVV-WETH(usp2),0x3155acd9f75915fcc21d34035f440da7040bd3ba 0xe53c884c5a297713197217509ffb654c9677b347 0x12acfa11120ce49a2385cb0e14a2e0c5775ebf84 0x66cab8b4acc7d125d2b5683392d4f5614093dbf0 0x724d5c9c618a2152e99a45649a3b8cf198321f46
16088132,0xfc07f4bcf1f6b6227c14846c2fc9a3aa273691244de98d6352cae0b6c00c7cda,WETH DOSE UMAD,0xc02aaa39b223fe8d0a0e5c4f27ead9083c756cc2 0xb31ef9e52d94d4120eb44fe1ddfde5b4654a6515 0x31c2415c946928e9fd1af83cdfa38d3edbd4326f,UMAD-WETH(usp2) DOSE-WETH(usp2) UMAD-DOSE(usp2),0xd3e5ca0afeae61a24ff7a9219067e51f4bfdd8d9 0x541e55d40d001ca062ea0366afce05848eb7194c 0x92bcd94add6b99d8e605a69ee25d059056738008
16088160,0x91f97aaba151628927c8d6214536ee64e8ffcf03f951c3e84f366f0a1dc5a514,WETH TSUKA WAIT,0xc02aaa39b223fe8d0a0e5c4f27ead9083c756cc2 0xc5fb36dd2fb59d3b98deff88425a3f425ee469ed 0x2559813bbb508c4c79e9ccce4703bcb1f149edd7,WAIT-WETH(usp2) WAIT-TSUKA(usp2) WETH-TSUKA(usp2),0x6028eb8adda090cdf08fb5dfbe873081fd736867 0x9632ceef486ffa5e851fb5b9b87f1ced99add663 0xa1af3bb298673f46cf1299efc7e73e7b2e2d20b8
16088161,0x3cd0623b2a08da5b50fea62c5ed81b1e0ab4ed9e2c62fcf581ef128533887097,WETH TSUKA ZENI WAIT,0xc02aaa39b223fe8d0a0e5c4f27ead9083c756cc2 0xc5fb36dd2fb59d3b98deff88425a3f425ee469ed 0x2e59d147962e2bb3fbdc52dc18cfba2653c06ccc 0x2559813bbb508c4c79e9ccce4703bcb1f149edd7,WAIT-WETH(usp2) WAIT-ZENI(usp2) ZENI-TSUKA(usp2) WETH-TSUKA(usp2),0x6028eb8adda090cdf08fb5dfbe873081fd736867 0xdd3e7f165f96356f88cd76d6971f03d089536ca2 0xb60e1bcd4759ca910179b2bc26a4f15989d15c4a 0xa1af3bb298673f46cf1299efc7e73e7b2e2d20b8
16088180,0x85770ee9f005b276be3c8f6af38acfaf6e0f49d7dd1e4bb01876ebd445bca5ec,HXRO WETH,0x4bd70556ae3f8a6ec6c4080a0c327b24325438f3 0xc02aaa39b223fe8d0a0e5c4f27ead9083c756cc2,HXRO-WETH(sush) HXRO-WETH(usp2),0xe53c884c5a297713197217509ffb654c9677b347 0xd64224a4c2bed96c75df9517b2d77aebb13f0e37
16088193,0x1039a381d231b8d0653cd5eb166ff3291b4bb73648b406db405db2edf72ca4ec,WETH DOSE UMAD,0xc02aaa39b223fe8d0a0e5c4f27ead9083c756cc2 0xb31ef9e52d94d4120eb44fe1ddfde5b4654a6515 0x31c2415c946928e9fd1af83cdfa38d3edbd4326f,UMAD-WETH(usp2) DOSE-WETH(sush) UMAD-DOSE(usp2),0xd3e5ca0afeae61a24ff7a9219067e51f4bfdd8d9 0xe2e998f6f498cf9acdeda38de77ca95d1d8288f6 0x92bcd94add6b99d8e605a69ee25d059056738008
16088207,0x2dde9c58b4098d7725c4495943c261e7cff60bca93c1db8a83c5ececb33c02e6,USDC WETH REVV SAND,0xa0b86991c6218b36c1d19d4a2e9eb0ce3606eb48 0xc02aaa39b223fe8d0a0e5c4f27ead9083c756cc2 0x557b933a7c2c45672b610f8954a3deb39a51a8ca 0x3845badade8e6dff049820680d1f14bd3903a5d0,SAND-WETH(usp2) SAND-REVV(usp2) USDC-WETH(sush) REVV-USDC(usp2) REVV-WETH(sush) REVV-WETH(usp2),0x3dd49f67e9d5bc4c5e6634b3f70bfd9dc1b6bd74 0x5d95bb70e1d8b7fabc286bbc163642b3c39097a7 0x397ff1542f962076d0bfe58ea045ffa2d347aca0 0xacbf3c973eeec20c573ec930ce31198afb4ad0d5 0xc926990039045611eb1de520c1e249fd0d20a8ea 0x724d5c9c618a2152e99a45649a3b8cf198321f46
16088212,0x7736d773f6b1b4aeef318a4b76219180dc657ed80bca4bc6eefd888d561ce057,RIO WETH RST,0xf21661d0d1d76d3ecb8e1b9f1c923dbfffae4097 0xc02aaa39b223fe8d0a0e5c4f27ead9083c756cc2 0x1a76bffd6d1fc1660e1d0e0552fde51ddbb120cf,WETH-RIO(usp2) RST-RIO(usp2) RST-WETH(usp2),0x0b85b3000bef3e26e01428d1b525a532ea7513b8 0x4502988e070f96cf3bea50b4811cd5844e13a81b 0x0f027d40c80d8f70f77d3884776531f80b21d20e
16088238,0xc9444926c37c5d523fd25e43518619c5d2c57eb835b91e06f05e1918e270b5e4,WETH TRU,0xc02aaa39b223fe8d0a0e5c4f27ead9083c756cc2 0x4c19596f5aaff459fa38b0f7ed92f11ae6543784,TRU-WETH(sush) TRU-WETH(usp2),0xfceaaf9792139bf714a694f868a215493461446d 0xec6a6b7db761a5c9910ba8fcab98116d384b1b85
16088306,0x6b18e844fc16ec54dee9fae3f98999debe620415658292e4b86e2244c928e4c3,WETH OXY,0xc02aaa39b223fe8d0a0e5c4f27ead9083c756cc2 0x965697b4ef02f0de01384d0d4f9f782b1670c163,OXY-WETH(usp2) OXY-WETH(sush),0xa03154bfb9a750b944b5f8de7a744a34ac6dd16d 0xd1b430eb6f5de67cc2f2fccfa559b8db70d9d96d
16088329,0xb359f8c3474e4784521e7d31785f594b11b67b40609b9664a0d3b7f2da1ab936,HAKKA MKR WETH,0x0e29e5abbb5fd88e28b2d355774e73bd47de3bcd 0x9f8f72aa9304c8b593d555f12ef6589cc3a579a2 0xc02aaa39b223fe8d0a0e5c4f27ead9083c756cc2,MKR-WETH(usp2) HAKKA-MKR(usp2) HAKKA-WETH(usp2),0xc2adda861f89bbb333c90c492cb837741916a225 0xb8b84ce0cade916988bd129eafd7934ade5fa6a9 0x9c5999653f44672336c2ef0a0008587fa8b9957e
16088330,0xe681a3c8a4364d409c5dbbd0f31e5301900ac6f88c056e6eae83c081234077ae,HAKKA Penguin WETH,0x0e29e5abbb5fd88e28b2d355774e73bd47de3bcd 0x05a0d55bbb2c047a3624af4db6d3a3ce2ea7da09 0xc02aaa39b223fe8d0a0e5c4f27ead9083c756cc2,Penguin-WETH(usp2) Penguin-HAKKA(usp2) HAKKA-WETH(usp2),0x24d0753e0b1db16ae4acc6456b83a43af142495b 0xc870847a71c65ab883cf0d4a4ea6a73a1ca5efdb 0x9c5999653f44672336c2ef0a0008587fa8b9957e
16088344,0x88fd52495d7779bc92aeb0914c3a9003ff74be1735907a7b77753d7d26cfe0da,HAKKA Penguin WETH,0x0e29e5abbb5fd88e28b2d355774e73bd47de3bcd 0x05a0d55bbb2c047a3624af4db6d3a3ce2ea7da09 0xc02aaa39b223fe8d0a0e5c4f27ead9083c756cc2,Penguin-WETH(usp2) Penguin-HAKKA(usp2) HAKKA-WETH(usp2),0x24d0753e0b1db16ae4acc6456b83a43af142495b 0xc870847a71c65ab883cf0d4a4ea6a73a1ca5efdb 0x9c5999653f44672336c2ef0a0008587fa8b9957e
16088364,0xd5d97b5c1df4fd1cd8686bd63228d19862bfe57d70c95f520b5d28909c988181,TORN WETH,0x77777feddddffc19ff86db637967013e6c6a116c 0xc02aaa39b223fe8d0a0e5c4f27ead9083c756cc2,TORN-WETH(usp2) TORN-WETH(sush),0x0c722a487876989af8a05fffb6e32e45cc23fb3a 0xb270176ba6075196df88b855c3ec7776871fdb33
16088369,0xb810c4cf528a59a34c6eb565b825a8e4973ae67851cecc819dbbe2ecd7d6cee9,EYE WETH SCX,0x155ff1a85f440ee0a382ea949f24ce4e0b751c65 0xc02aaa39b223fe8d0a0e5c4f27ead9083c756cc2 0x1b8568fbb47708e9e9d31ff303254f748805bf21,SCX-WETH(usp2) EYE-SCX(usp2) EYE-WETH(usp2),0x319ead06eb01e808c80c7eb9bd77c5d8d163addb 0xf047ee812b21050186f86106f6cabdfec35366c6 0x54965801946d768b395864019903aef8b5b63bb3
16088384,0xa86a878d8f504534f67c202d4a18f24bacf83e8ed07007eb3d98aeb20a9bcdb4,WETH AMPL,0xc02aaa39b223fe8d0a0e5c4f27ead9083c756cc2 0xd46ba6d942050d489dbd938a2c909a5d5039a161,WETH-AMPL(usp2) WETH-AMPL(sush),0xc5be99a02c6857f9eac67bbce58df5572498f40c 0xcb2286d9471cc185281c4f763d34a962ed212962
16088384,0x94a94e98ce6711f19cd7b2c6cad4a32729687c3336fb2e7c2640314732025c4a,WETH AMPL,0xc02aaa39b223fe8d0a0e5c4f27ead9083c756cc2 0xd46ba6d942050d489dbd938a2c909a5d5039a161,WETH-AMPL(usp2) WETH-AMPL(sush),0xc5be99a02c6857f9eac67bbce58df5572498f40c 0xcb2286d9471cc185281c4f763d34a962ed212962
16088385,0x3162b83cd3f4f18d52e6964206b16578d48c8ff9056cb13454cc1ef6387373a7,USDC VEGA WETH DYP,0xa0b86991c6218b36c1d19d4a2e9eb0ce3606eb48 0xcb84d72e61e383767c4dfeb2d8ff7f4fb89abc6e 0xc02aaa39b223fe8d0a0e5c4f27ead9083c756cc2 0x961c8c0b1aad0c0b10a51fef6a867e3091bcef17,WETH-VEGA(sush) USDC-VEGA(sush) DYP-USDC(usp2) DYP-WETH(usp2),0x29c827ce49accf68a1a278c67c9d30c52fbbc348 0x42b7b8f8f83fa5cbf0176f8c24ad51ebcd4b5f17 0xabd9c284116b2e757e3d4f6e36c5050aead24e0c 0xba7872534a6c9097d805d8bee97e030f4e372e54
16088393,0xe7c1ccd799262c7be36aea27e5d87014d18815b26c069d022f0f46ef1cce897a,WETH AMPL,0xc02aaa39b223fe8d0a0e5c4f27ead9083c756cc2 0xd46ba6d942050d489dbd938a2c909a5d5039a161,WETH-AMPL(sush) WETH-AMPL(usp2),0xcb2286d9471cc185281c4f763d34a962ed212962 0xc5be99a02c6857f9eac67bbce58df5572498f40c
16088394,0xbdbd74314fb01b8b2b0ed58b88187689110c62739f748f675a7027536b8f661d,WETH AMPL,0xc02aaa39b223fe8d0a0e5c4f27ead9083c756cc2 0xd46ba6d942050d489dbd938a2c909a5d5039a161,WETH-AMPL(usp2) WETH-AMPL(sush),0xc5be99a02c6857f9eac67bbce58df5572498f40c 0xcb2286d9471cc185281c4f763d34a962ed212962
16088398,0x7c2f5071f0c467cada6efeaf455116289255a2708c92f347b6c7cb3f71bdd4c2,WETH AMPL,0xc02aaa39b223fe8d0a0e5c4f27ead9083c756cc2 0xd46ba6d942050d489dbd938a2c909a5d5039a161,WETH-AMPL(usp2) WETH-AMPL(sush),0xc5be99a02c6857f9eac67bbce58df5572498f40c 0xcb2286d9471cc185281c4f763d34a962ed212962
16088407,0x9c07f4c41557f10cb6fd375a5a7795f5c35f251b08a195d6c15224b66044c84b,RARI WETH,0xfca59cd816ab1ead66534d82bc21e7515ce441cf 0xc02aaa39b223fe8d0a0e5c4f27ead9083c756cc2,WETH-RARI(usp2) WETH-RARI(sush),0x86fef14c27c78deaeb4349fd959caa11fc5b5d75 0x53aabccae8c1713a6a150d9981d2ee867d0720e8
16088561,0xc6e1897838fd10c3acba4ddd9a2dddc2e3e0fb0671902329d0688525aef1991d,WETH TSUKA ZENI,0xc02aaa39b223fe8d0a0e5c4f27ead9083c756cc2 0xc5fb36dd2fb59d3b98deff88425a3f425ee469ed 0x2e59d147962e2bb3fbdc52dc18cfba2653c06ccc,ZENI-WETH(usp2) ZENI-TSUKA(usp2) WETH-TSUKA(usp2),0x0d5751e197830c7cdbf73d4c264fc00717534fb2 0xb60e1bcd4759ca910179b2bc26a4f15989d15c4a 0xa1af3bb298673f46cf1299efc7e73e7b2e2d20b8
16088567,0x28ee3819be15bc6e359ee3bb1d97d36b33fc034963490bad6404389db63cf539,RIO WETH RST,0xf21661d0d1d76d3ecb8e1b9f1c923dbfffae4097 0xc02aaa39b223fe8d0a0e5c4f27ead9083c756cc2 0x1a76bffd6d1fc1660e1d0e0552fde51ddbb120cf,WETH-RIO(usp2) RST-RIO(usp2) RST-WETH(usp2),0x0b85b3000bef3e26e01428d1b525a532ea7513b8 0x4502988e070f96cf3bea50b4811cd5844e13a81b 0x0f027d40c80d8f70f77d3884776531f80b21d20e
16088577,0xdd423891292cd262817617d5a3ce9b05684fd23b91df94bbda34856bd10c2561,RIO rUSD WETH,0xf21661d0d1d76d3ecb8e1b9f1c923dbfffae4097 0xf9a2d7e60a3297e513317ad1d7ce101cc4c6c8f6 0xc02aaa39b223fe8d0a0e5c4f27ead9083c756cc2,WETH-rUSD(usp2) RIO-rUSD(usp2) WETH-RIO(usp2),0x9eb369241e4270796e665ea1afac355cb99f0c32 0x06ed871e5a66bebf0af6fb768d343b1d14a04b5b 0x0b85b3000bef3e26e01428d1b525a532ea7513b8
16088578,0x85d4869b2e631eea85d731d0df3559dc88f03a5f361599abbc3b5f6de558a90a,RIO WETH RST,0xf21661d0d1d76d3ecb8e1b9f1c923dbfffae4097 0xc02aaa39b223fe8d0a0e5c4f27ead9083c756cc2 0x1a76bffd6d1fc1660e1d0e0552fde51ddbb120cf,WETH-RIO(usp2) RST-RIO(usp2) RST-WETH(usp2),0x0b85b3000bef3e26e01428d1b525a532ea7513b8 0x4502988e070f96cf3bea50b4811cd5844e13a81b 0x0f027d40c80d8f70f77d3884776531f80b21d20e
16088580,0x3ba6e1f107b46ea7a5a1c30acdf1d6938bab38808b289da6f4dba28af98217fe,WETH OXY,0xc02aaa39b223fe8d0a0e5c4f27ead9083c756cc2 0x965697b4ef02f0de01384d0d4f9f782b1670c163,OXY-WETH(usp2) OXY-WETH(sush),0xa03154bfb9a750b944b5f8de7a744a34ac6dd16d 0xd1b430eb6f5de67cc2f2fccfa559b8db70d9d96d
16088587,0xc47fae116eea80f53d5eebfae57a2c6a44faa006247ce045e2406f2498fee927,WETH UBT ICNQ,0xc02aaa39b223fe8d0a0e5c4f27ead9083c756cc2 0x8400d94a5cb0fa0d041a3788e395285d61c9ee5e 0xb3e2cb7cccfe139f8ff84013823bf22da6b6390a,ICNQ-WETH(usp2) UBT-ICNQ(usp2) UBT-WETH(usp2),0x169905f5abfce7f90e2a57e404c49b5ae2c8805b 0xb48011d1a86aa3c86dcb141d50906084a592d855 0xb27de0ba2abfbfdf15667a939f041b52118af5ba
16088610,0x5ef6a983a6d374985b845478b11ffc4378b35f945880f4d27bea1f7166d6b9e4,BFC WETH,0x0c7d5ae016f806603cb1782bea29ac69471cab9c 0xc02aaa39b223fe8d0a0e5c4f27ead9083c756cc2,BFC-WETH(usp2) BFC-WETH(sush),0x01688e1a356c38a8ed7c565bf6c6bfd59543a560 0x281df7fc89294c84afa2a21ffee8f6807f9c9226
16088708,0xd5192dbe6f93a960fd00515e2f6fb182defb3839df8b47b18dd03837c896e59a,CREAM WETH,0x2ba592f78db6436527729929aaf6c908497cb200 0xc02aaa39b223fe8d0a0e5c4f27ead9083c756cc2,CREAM-WETH(sush) CREAM-WETH(usp2),0xf169cea51eb51774cf107c88309717dda20be167 0xddf9b7a31b32ebaf5c064c80900046c9e5b7c65f
16088710,0xfcc46718e4184ee1c3a7445afa223e72fe03b73359725f30e8d20c4080fbd453,CREAM WETH,0x2ba592f78db6436527729929aaf6c908497cb200 0xc02aaa39b223fe8d0a0e5c4f27ead9083c756cc2,CREAM-WETH(sush) CREAM-WETH(usp2),0xf169cea51eb51774cf107c88309717dda20be167 0xddf9b7a31b32ebaf5c064c80900046c9e5b7c65f
16088727,0x3b9a19e5337f17ae29b1e31d88be457f4420cca1aa1bfb677db760f81582e355,CREAM WETH,0x2ba592f78db6436527729929aaf6c908497cb200 0xc02aaa39b223fe8d0a0e5c4f27ead9083c756cc2,CREAM-WETH(sush) CREAM-WETH(usp2),0xf169cea51eb51774cf107c88309717dda20be167 0xddf9b7a31b32ebaf5c064c80900046c9e5b7c65f
16088735,0x0c3b9021aa6ae17cddad1894d30375734e6c75d249765e29af5dd42f0835fccd,CREAM WETH,0x2ba592f78db6436527729929aaf6c908497cb200 0xc02aaa39b223fe8d0a0e5c4f27ead9083c756cc2,CREAM-WETH(sush) CREAM-WETH(usp2),0xf169cea51eb51774cf107c88309717dda20be167 0xddf9b7a31b32ebaf5c064c80900046c9e5b7c65f
16088743,0xaa3d81936b2cc16c33f5cdcd3e06470c37c441a121975f32a52743a175c6e83d,WETH PLR SUPER SAND,0xc02aaa39b223fe8d0a0e5c4f27ead9083c756cc2 0xe3818504c1b32bf1557b16c238b2e01fd3149c17 0xe53ec727dbdeb9e2d5456c3be40cff031ab40a55 0x3845badade8e6dff049820680d1f14bd3903a5d0,SAND-SUPER(usp2) SAND-WETH(usp2) WETH-SUPER(usp2) WETH-PLR(sush) WETH-PLR(usp2),0x30e7e1989cf774726dd9f4780cab42d5558003e6 0x3dd49f67e9d5bc4c5e6634b3f70bfd9dc1b6bd74 0x25647e01bd0967c1b9599fa3521939871d1d0888 0x8fedca1b2aa38dd751bf4cb329d2a1fc5b26e8f2 0xae2d4004241254aed3f93873604d39883c8259f0
16088763,0x3e8ed7c825f5f2b5b3b01315e4b8f954d1ec4f1ad52856a36cd88a4f47c021f6,USDC MTD VVS,0xa0b86991c6218b36c1d19d4a2e9eb0ce3606eb48 0x809e130e10e787139c54e1d12d3d1971b7a675bf 0x839e71613f9aa06e5701cf6de63e303616b0dde3,MTD-USDC(usp2) VVS-USDC(usp2) MTD-VVS(usp2),0x9f17e8b13fb3dbb958607025216194a04a7bf3dd 0xa947a05792148bb3ef478bad8d15b74d2058446a 0xa35450ca831ffdbf144153e2325b30285872ef10
16088820,0xfb291831d418c06a7c472e773117c581c058dc9923511d20206b16dc56449bed,WETH PLR,0xc02aaa39b223fe8d0a0e5c4f27ead9083c756cc2 0xe3818504c1b32bf1557b16c238b2e01fd3149c17,WETH-PLR(sush) WETH-PLR(usp2),0x8fedca1b2aa38dd751bf4cb329d2a1fc5b26e8f2 0xae2d4004241254aed3f93873604d39883c8259f0
16088822,0x89dab609502325d9d62329a92496b07a5a82f2e8fc3dd58b156f348efc7a2899,WETH PLR,0xc02aaa39b223fe8d0a0e5c4f27ead9083c756cc2 0xe3818504c1b32bf1557b16c238b2e01fd3149c17,WETH-PLR(sush) WETH-PLR(usp2),0x8fedca1b2aa38dd751bf4cb329d2a1fc5b26e8f2 0xae2d4004241254aed3f93873604d39883c8259f0
16088858,0x2707c9eab9549f87662b3075354f7b9e3632f8c8da76cd087943b4d645637ebb,BETTER WETH RARE,0xa7925aa2a6e4575ab0c74d169f3bc3e03d4c319a 0xc02aaa39b223fe8d0a0e5c4f27ead9083c756cc2 0xba5bde662c17e2adff1075610382b9b691296350,BETTER-WETH(usp2) RARE-WETH(sush) BETTER-RARE(usp2),0x0954955cad72ce5e5a879922ffbd757b04f9046c 0x24e2adf50c49633039757ab08bff489b7c5bd6b2 0xa490ee2d50ce35fa15fbb04573b94a2a62fc1d99
16088869,0x3f12cba984e3fe1fe6187e3d43eb9a556a8322a7b8119fe2af9bf3f223d104af,WETH REVV SUPER,0xc02aaa39b223fe8d0a0e5c4f27ead9083c756cc2 0x557b933a7c2c45672b610f8954a3deb39a51a8ca 0xe53ec727dbdeb9e2d5456c3be40cff031ab40a55,REVV-SUPER(usp2) REVV-WETH(usp2) WETH-SUPER(usp2),0x720b722f4ec38f99ba3bb1303258d2e816e6a95b 0x724d5c9c618a2152e99a45649a3b8cf198321f46 0x25647e01bd0967c1b9599fa3521939871d1d0888
16088881,0x7bd16e5aa1df212195305a30bbf1638e415568be3669e8da46d6f7d3f4673472,WETH PLR,0xc02aaa39b223fe8d0a0e5c4f27ead9083c756cc2 0xe3818504c1b32bf1557b16c238b2e01fd3149c17,WETH-PLR(sush) WETH-PLR(usp2),0x8fedca1b2aa38dd751bf4cb329d2a1fc5b26e8f2 0xae2d4004241254aed3f93873604d39883c8259f0
16088885,0xc63bbf81c26bb304ef34b8a5cadafc3fa5e61feea66656aa71677898c12fa2cf,arNXM WETH,0x1337def18c680af1f9f45cbcab6309562975b1dd 0xc02aaa39b223fe8d0a0e5c4f27ead9083c756cc2,arNXM-WETH(usp2) arNXM-WETH(sush),0x7ca51456b20697a0e5be65e5aeb65dfe90f21150 0x43632e3448cd47440fee797258081414d91a58ce
16088943,0x5cfe1274fb733675b06de3660dc38f998652cdf2990e57544f793959937f511d,USDT VOW UNI-V2,0xdac17f958d2ee523a2206206994597c13d831ec7 0x1bbf25e71ec48b84d773809b4ba55b6f4be946fb 0x97be09f2523b39b835da9ea3857cfa1d3c660cbb,VOW-UNI-V2(usp2) VOW-USDT(usp2) UNI-V2-USDT(usp2),0xf848e97469538830b0b147152524184a255b9106 0x1e49768714e438e789047f48fd386686a5707db2 0xdb5247366afd7712e6dcaffa3e7077423a852f65
16088981,0xfbbebf95a14edb7cfeb10422e3bd2a2d5d4d4a82d297465de7e9e951e49f054a,WETH TSUKA ZENI,0xc02aaa39b223fe8d0a0e5c4f27ead9083c756cc2 0xc5fb36dd2fb59d3b98deff88425a3f425ee469ed 0x2e59d147962e2bb3fbdc52dc18cfba2653c06ccc,ZENI-WETH(usp2) ZENI-TSUKA(usp2) WETH-TSUKA(usp2),0x0d5751e197830c7cdbf73d4c264fc00717534fb2 0xb60e1bcd4759ca910179b2bc26a4f15989d15c4a 0xa1af3bb298673f46cf1299efc7e73e7b2e2d20b8
16089040,0xd25007111c15fe1a0ba48f413bd560fef8e40f88a4b05a837a5428f5e65a7f77,WAN WETH USDT,0x135b810e48e4307ab2a59ea294a6f1724781bd3c 0xc02aaa39b223fe8d0a0e5c4f27ead9083c756cc2 0xdac17f958d2ee523a2206206994597c13d831ec7,WAN-WETH(usp2) WETH-USDT(usp2) WAN-USDT(sush),0x15399e2ccee115712f37d7434455c79483ee84bc 0x0d4a11d5eeaac28ec3f61d100daf4d40471f1852 0x18c12a654f982f68a91e8e6a4170ca1fcb9d60a2
16089048,0x9bb6fbf5799bf1e9d88e7566b1060681ec6456a8560a3814b622af3e1b26f3e8,WETH MAGIC,0xc02aaa39b223fe8d0a0e5c4f27ead9083c756cc2 0xb0c7a3ba49c7a6eaba6cd4a96c55a1391070ac9a,MAGIC-WETH(usp2) MAGIC-WETH(sush),0x8c56ca4f7eb12a7c217bbe36cc427a9dcb66f590 0x8d308e01f0401345996552dc391e44c4f3ce8754
16089111,0x4ef899613f135ed65a06004e325e1d7aa817948b99ddca61eb329b92520fdfa6,RIO WETH RST,0xf21661d0d1d76d3ecb8e1b9f1c923dbfffae4097 0xc02aaa39b223fe8d0a0e5c4f27ead9083c756cc2 0x1a76bffd6d1fc1660e1d0e0552fde51ddbb120cf,WETH-RIO(usp2) RST-RIO(usp2) RST-WETH(usp2),0x0b85b3000bef3e26e01428d1b525a532ea7513b8 0x4502988e070f96cf3bea50b4811cd5844e13a81b 0x0f027d40c80d8f70f77d3884776531f80b21d20e
16089119,0xb3f8f09d35078b1cd0633770f9bbf074b82a61fadbe690ec009434ab4957efc4,RIO WETH RST,0xf21661d0d1d76d3ecb8e1b9f1c923dbfffae4097 0xc02aaa39b223fe8d0a0e5c4f27ead9083c756cc2 0x1a76bffd6d1fc1660e1d0e0552fde51ddbb120cf,WETH-RIO(usp2) RST-RIO(usp2) RST-WETH(usp2),0x0b85b3000bef3e26e01428d1b525a532ea7513b8 0x4502988e070f96cf3bea50b4811cd5844e13a81b 0x0f027d40c80d8f70f77d3884776531f80b21d20e
16089120,0x7a5e97dfa1b44bc6772bf99c98f1cb031fb37bf7d1dd8a4479e943504263235c,MYTH WETH REVV,0xba41ddf06b7ffd89d1267b5a93bfef2424eb2003 0xc02aaa39b223fe8d0a0e5c4f27ead9083c756cc2 0x557b933a7c2c45672b610f8954a3deb39a51a8ca,REVV-WETH(usp2) MYTH-WETH(usp2) REVV-MYTH(usp2),0x724d5c9c618a2152e99a45649a3b8cf198321f46 0xf7bb3cbe60e63bb3d5dc40fb48f1857b40660b2f 0x14df541119f629c05d020f7c2d9862f0677da7e5
16089184,0x29ccaf8cccbd51ce27e73348a9f8c133bb2b4bc786a4ab7248a13ca3d508b6ab,RGT WETH,0xd291e7a03283640fdc51b121ac401383a46cc623 0xc02aaa39b223fe8d0a0e5c4f27ead9083c756cc2,WETH-RGT(usp2) WETH-RGT(sush),0xdc2b82bc1106c9c5286e59344896fb0ceb932f53 0x18a797c7c70c1bf22fdee1c09062aba709cacf04
16089188,0x46af588e1e8a1fa8e26d935bb29bed1eff8baff1284f7f0ab1f360099bab7858,RGT WETH,0xd291e7a03283640fdc51b121ac401383a46cc623 0xc02aaa39b223fe8d0a0e5c4f27ead9083c756cc2,WETH-RGT(usp2) WETH-RGT(sush),0xdc2b82bc1106c9c5286e59344896fb0ceb932f53 0x18a797c7c70c1bf22fdee1c09062aba709cacf04
16089193,0x6355f74c708d1b054777d5535e7a53adcb8ad2e8539efe0d190a6721911cfb2b,RGT WETH,0xd291e7a03283640fdc51b121ac401383a46cc623 0xc02aaa39b223fe8d0a0e5c4f27ead9083c756cc2,WETH-RGT(usp2) WETH-RGT(sush),0xdc2b82bc1106c9c5286e59344896fb0ceb932f53 0x18a797c7c70c1bf22fdee1c09062aba709cacf04
16089261,0x3b6590b24f07043f505ccaa995c4ef5e383e1a6872622928489b291cd8f1c47a,TRIB WETH TRI,0xe09216f1d343dd39d6aa732a08036fee48555af0 0xc02aaa39b223fe8d0a0e5c4f27ead9083c756cc2 0xc299004a310303d1c0005cb14c70ccc02863924d,TRI-TRIB(usp2) WETH-TRI(usp2) WETH-TRIB(usp2),0x242238e1eebf69b6bca5d2ef90d8c0a6ede03d3b 0x503c2e33418ec5b7c8c1b2c38c3eac7735c0aad8 0x245b444954d1d33aaa0cde7c65c4bc3beacc7c97
16089261,0xc752fbf9737672fe11733d6b453b10fa657480b529464fd3f472dc2cdeb1ca02,WETH AMP,0xc02aaa39b223fe8d0a0e5c4f27ead9083c756cc2 0xff20817765cb7f73d4bde2e66e067e58d11095c2,WETH-AMP(usp2) WETH-AMP(sush),0x08650bb9dc722c9c8c62e79c2bafa2d3fc5b3293 0x15e86e6f65ef7ea1dbb72a5e51a07926fb1c82e3
16089309,0x6f814338e464918eb76be99439ef77ebfb63f38a7a3b9370703e3928a4ae4445,WETH MAGIC,0xc02aaa39b223fe8d0a0e5c4f27ead9083c756cc2 0xb0c7a3ba49c7a6eaba6cd4a96c55a1391070ac9a,MAGIC-WETH(usp2) MAGIC-WETH(sush),0x8c56ca4f7eb12a7c217bbe36cc427a9dcb66f590 0x8d308e01f0401345996552dc391e44c4f3ce8754
16089317,0xe2cfe24f1a1cf59ac9bce1ecb6ce5150661936d861949dcb19aeb2c49088b69f,MKR WETH,0x9f8f72aa9304c8b593d555f12ef6589cc3a579a2 0xc02aaa39b223fe8d0a0e5c4f27ead9083c756cc2,MKR-WETH(usp2) MKR-WETH(sush),0xc2adda861f89bbb333c90c492cb837741916a225 0xba13afecda9beb75de5c56bbaf696b880a5a50dd
16089330,0x6649f859011b6a0e4f408904d6e80c31162388cede188e9e753880243b7a55fd,NODE WETH,0xda007777d86ac6d989cc9f79a73261b3fc5e0da0 0xc02aaa39b223fe8d0a0e5c4f27ead9083c756cc2,WETH-NODE(sush) WETH-NODE(usp2),0x60cd8dcc7cce0cca6a3743727ce909b6f715b2d8 0xee3b01b2debd3df95bf24d4aacf8e70373113315
16089335,0xf9f265b9618e6ca50a1b962c956e77507a25231bec802800ee0209fb33fb3506,WETH NAOS,0xc02aaa39b223fe8d0a0e5c4f27ead9083c756cc2 0x4a615bb7166210cce20e6642a6f8fb5d4d044496,NAOS-WETH(usp2) NAOS-WETH(sush),0x9b577e849b128ee1a69144b218e809b8bb98c35d 0x82ebcd936c9e938704b65027850e42393f8bc4d4
16089340,0xf6958814d7048abd016fdc6f53d4ae4ec9b6d062a60f8313751ca2145c8024cb,WETH PLR,0xc02aaa39b223fe8d0a0e5c4f27ead9083c756cc2 0xe3818504c1b32bf1557b16c238b2e01fd3149c17,WETH-PLR(sush) WETH-PLR(usp2),0x8fedca1b2aa38dd751bf4cb329d2a1fc5b26e8f2 0xae2d4004241254aed3f93873604d39883c8259f0
16089340,0xdca3e3af1b468c50f668fc978620ffbb628b3f2f2959ffe6ec9a89083a143176,CREAM WETH,0x2ba592f78db6436527729929aaf6c908497cb200 0xc02aaa39b223fe8d0a0e5c4f27ead9083c756cc2,CREAM-WETH(sush) CREAM-WETH(usp2),0xf169cea51eb51774cf107c88309717dda20be167 0xddf9b7a31b32ebaf5c064c80900046c9e5b7c65f
16089350,0x726b47aca78de1c0efb74fd345f5e92a2da310c0aa7b8333a9f461b5d9bedd34,WETH PLR,0xc02aaa39b223fe8d0a0e5c4f27ead9083c756cc2 0xe3818504c1b32bf1557b16c238b2e01fd3149c17,WETH-PLR(sush) WETH-PLR(usp2),0x8fedca1b2aa38dd751bf4cb329d2a1fc5b26e8f2 0xae2d4004241254aed3f93873604d39883c8259f0
16089399,0x42212d3ae6f733a1bdc539cc19f25523754a8848a9c47c3ea529555c09b108d2,WETH MAGIC,0xc02aaa39b223fe8d0a0e5c4f27ead9083c756cc2 0xb0c7a3ba49c7a6eaba6cd4a96c55a1391070ac9a,MAGIC-WETH(usp2) MAGIC-WETH(sush),0x8c56ca4f7eb12a7c217bbe36cc427a9dcb66f590 0x8d308e01f0401345996552dc391e44c4f3ce8754
16089419,0x126fff106294d3a1f0a3ec37f218543a56464799745f6799bc7116e86017b23e,USDC OCC WETH RAD,0xa0b86991c6218b36c1d19d4a2e9eb0ce3606eb48 0x2f109021afe75b949429fe30523ee7c0d5b27207 0xc02aaa39b223fe8d0a0e5c4f27ead9083c756cc2 0x31c8eacbffdd875c74b94b077895bd78cf1e64a3,RAD-USDC(usp2) OCC-WETH(usp2) RAD-WETH(usp2) OCC-USDC(usp2),0x8c1c499b1796d7f3c2521ac37186b52de024e58c 0x14b6154bcbf537368af932901456a7feb57cbe5a 0xf2f98cbd5d84640a2c5cfda5c996cd830067bc95 0xedf1fa564a91a5664f172470c47450af17724757
16089439,0xd691c4dd9ff3339843c4b95c9afaef0bd2814d1b8084e4b104ca8e97261f24ac,RIO WETH RST,0xf21661d0d1d76d3ecb8e1b9f1c923dbfffae4097 0xc02aaa39b223fe8d0a0e5c4f27ead9083c756cc2 0x1a76bffd6d1fc1660e1d0e0552fde51ddbb120cf,WETH-RIO(usp2) RST-RIO(usp2) RST-WETH(usp2),0x0b85b3000bef3e26e01428d1b525a532ea7513b8 0x4502988e070f96cf3bea50b4811cd5844e13a81b 0x0f027d40c80d8f70f77d3884776531f80b21d20e
16089445,0xcffd80c5bd92b23206aef67782991d5765a4edb5f66b40585234e47bedc23a05,WETH MAGIC,0xc02aaa39b223fe8d0a0e5c4f27ead9083c756cc2 0xb0c7a3ba49c7a6eaba6cd4a96c55a1391070ac9a,MAGIC-WETH(usp2) MAGIC-WETH(sush),0x8c56ca4f7eb12a7c217bbe36cc427a9dcb66f590 0x8d308e01f0401345996552dc391e44c4f3ce8754
16089462,0x779035b06d049ac50194bf9b4bec650b22684765df51e7a90383d8ee0009ef81,XPR MTL USDT,0xd7efb00d12c2c13131fd319336fdf952525da2af 0xf433089366899d83a9f26a773d59ec7ecf30355e 0xdac17f958d2ee523a2206206994597c13d831ec7,USDT-MTL(usp2) XPR-MTL(usp2) XPR-USDT(usp2),0xd873f9187ed9166118b10f61ff85c5005709670e 0x6c782082552ddccb98190a4d353e04bdd330a9f8 0xb63c2f390803119a98ac63a371bcc657e366df0f
16089582,0xb85fd25d4964f28347341b171f9dfd4140684de547ea59bd1bf43570d1f66464,RIO WETH RST,0xf21661d0d1d76d3ecb8e1b9f1c923dbfffae4097 0xc02aaa39b223fe8d0a0e5c4f27ead9083c756cc2 0x1a76bffd6d1fc1660e1d0e0552fde51ddbb120cf,WETH-RIO(usp2) RST-RIO(usp2) RST-WETH(usp2),0x0b85b3000bef3e26e01428d1b525a532ea7513b8 0x4502988e070f96cf3bea50b4811cd5844e13a81b 0x0f027d40c80d8f70f77d3884776531f80b21d20e
16089589,0x674688dd17b80559b9e730805aa5222760c83ea4fff5a96c273c1c3b7ed5c77e,ARTEM WETH GMEE,0x9b83f827928abdf18cf1f7e67053572b9bceff3a 0xc02aaa39b223fe8d0a0e5c4f27ead9083c756cc2 0xd9016a907dc0ecfa3ca425ab20b6b785b42f2373,ARTEM-GMEE(usp2) ARTEM-WETH(usp2) WETH-GMEE(usp2),0xb370a9d1139e556ed93861a5111e9486e48bf369 0x790aaa43d71c05ec521a66a529069ae9733a6735 0x4c083084c9d50334b343c44ec97d16011303cc73
16089639,0x4f8f8fdbdeea0b901c848abd4c9f71f7431095b0c8a2762a17d30723d7d50495,ARTEM WETH REVV,0x9b83f827928abdf18cf1f7e67053572b9bceff3a 0xc02aaa39b223fe8d0a0e5c4f27ead9083c756cc2 0x557b933a7c2c45672b610f8954a3deb39a51a8ca,ARTEM-WETH(usp2) REVV-WETH(usp2) REVV-ARTEM(usp2),0x790aaa43d71c05ec521a66a529069ae9733a6735 0x724d5c9c618a2152e99a45649a3b8cf198321f46 0xe229a818d7e9f74a6ebbce9a2b2ebc8d7004edd2
16089640,0x9d6f37b2d3b4166ef3c1d8de5032ee2eb15b0cfa315c0fc128d959c198946de4,ARTEM WETH REVV,0x9b83f827928abdf18cf1f7e67053572b9bceff3a 0xc02aaa39b223fe8d0a0e5c4f27ead9083c756cc2 0x557b933a7c2c45672b610f8954a3deb39a51a8ca,ARTEM-WETH(usp2) REVV-WETH(sush) REVV-ARTEM(usp2),0x790aaa43d71c05ec521a66a529069ae9733a6735 0xc926990039045611eb1de520c1e249fd0d20a8ea 0xe229a818d7e9f74a6ebbce9a2b2ebc8d7004edd2
16089641,0xd26c5e02bd5a2086bb782027677e73ba4bc72684ff58dc0602f32c4b377cec29,ARTEM QUIDD WETH ASTRAFER REVV,0x9b83f827928abdf18cf1f7e67053572b9bceff3a 0xda9fdab21bc4a5811134a6e0ba6ca06624e67c07 0xc02aaa39b223fe8d0a0e5c4f27ead9083c756cc2 0x97bbbc5d96875fb78d2f14b7ff8d7a3a74106f17 0x557b933a7c2c45672b610f8954a3deb39a51a8ca,ARTEM-QUIDD(usp2) ASTRAFER-QUIDD(sush) REVV-ASTRAFER(sush) REVV-WETH(usp2) ARTEM-WETH(usp2),0x7494004c78115626c37f9a53cf1612ccb0dc43a1 0xbcaf471b33f92e9bb098a2958e98649ae52c1b70 0xca1a05c4cc957a1f7f2e1ea6da2dab1c271c93e4 0x724d5c9c618a2152e99a45649a3b8cf198321f46 0x790aaa43d71c05ec521a66a529069ae9733a6735
16089641,0x25874c18bffef0c74c3f3715d1c9033e4a8a4c966333f2d88a1e27d4075e37c6,CREAM WETH,0x2ba592f78db6436527729929aaf6c908497cb200 0xc02aaa39b223fe8d0a0e5c4f27ead9083c756cc2,CREAM-WETH(sush) CREAM-WETH(usp2),0xf169cea51eb51774cf107c88309717dda20be167 0xddf9b7a31b32ebaf5c064c80900046c9e5b7c65f
16089815,0xff9266f630cb98906c7ed19a588ef9e779d67712bf120e764962fa41494c84e0,WETH SUPER SAND,0xc02aaa39b223fe8d0a0e5c4f27ead9083c756cc2 0xe53ec727dbdeb9e2d5456c3be40cff031ab40a55 0x3845badade8e6dff049820680d1f14bd3903a5d0,SAND-SUPER(usp2) SAND-WETH(usp2) WETH-SUPER(usp2),0x30e7e1989cf774726dd9f4780cab42d5558003e6 0x3dd49f67e9d5bc4c5e6634b3f70bfd9dc1b6bd74 0x25647e01bd0967c1b9599fa3521939871d1d0888
16089835,0x6eb408d9e90b67e6c48ee0932fa3fb6105e3f9838a1f133f72d4ce5d518f678d,TOWER WETH BAND SUPER,0x1c9922314ed1415c95b9fd453c3818fd41867d0b 0xc02aaa39b223fe8d0a0e5c4f27ead9083c756cc2 0xba11d00c5f74255f56a5e366f4f77f5a186d7f55 0xe53ec727dbdeb9e2d5456c3be40cff031ab40a55,TOWER-SUPER(usp2) BAND-WETH(usp2) WETH-SUPER(usp2) BAND-WETH(sush) TOWER-WETH(sush),0xb8a52f6403fb94dc8325511d8bdfc7c77c0fc3b8 0xf421c3f2e695c2d4c0765379ccace8ade4a480d9 0x25647e01bd0967c1b9599fa3521939871d1d0888 0xa75f7c2f025f470355515482bde9efa8153536a8 0xdbaa04796cb5c05d02b8a41b702d9b67c13c9fa9
16089912,0x6a23039591bdfcda619f26f9c526d6023dbcb34b86ce19d1f3c0f18c8ef7e75c,STATE WETH,0x00c2999c8b2adf4abc835cc63209533973718eb1 0xc02aaa39b223fe8d0a0e5c4f27ead9083c756cc2,STATE-WETH(sush) STATE-WETH(usp2),0x1da92f6a396eeb104ad13743486b450bd8b96e62 0xd34d4916440dba56a5719af981e646d69c9cec0d
16089966,0x0c946f5e0cb4411409cfa5d07c6da79b1f75035db323e7b7b28e4a8ac2f04387,VSP WETH,0x1b40183efb4dd766f11bda7a7c3ad8982e998421 0xc02aaa39b223fe8d0a0e5c4f27ead9083c756cc2,VSP-WETH(usp2) VSP-WETH(sush),0x6d7b6dad6abed1dfa5eba37a6667ba9dcfd49077 0x132eeb05d5cb6829bd34f552cde0b6b708ef5014
16089969,0xcd7ad463403d2de02b4efa02a85121a2df21e76f6b602d4936ee0c2e02e58974,DOUGH WETH,0xad32a8e6220741182940c5abf610bde99e737b2d 0xc02aaa39b223fe8d0a0e5c4f27ead9083c756cc2,DOUGH-WETH(sush) DOUGH-WETH(usp2),0x97f34c8e5992eb985c5f740e7ee8c7e48a1de76a 0xe8846b27988ff52c371d5bd27bf8dba4097c93d2
16089977,0xad458fefa9cf4b07d996a1951a523bbdb72cc137e5224399acc1423a1f7f34e8,WETH MAGIC,0xc02aaa39b223fe8d0a0e5c4f27ead9083c756cc2 0xb0c7a3ba49c7a6eaba6cd4a96c55a1391070ac9a,MAGIC-WETH(usp2) MAGIC-WETH(sush),0x8c56ca4f7eb12a7c217bbe36cc427a9dcb66f590 0x8d308e01f0401345996552dc391e44c4f3ce8754
16089995,0xf46bcf16812174fba8c1a166a9cfd26199901973c0f98040c70454381b0d4db4,WETH PLR,0xc02aaa39b223fe8d0a0e5c4f27ead9083c756cc2 0xe3818504c1b32bf1557b16c238b2e01fd3149c17,WETH-PLR(sush) WETH-PLR(usp2),0x8fedca1b2aa38dd751bf4cb329d2a1fc5b26e8f2 0xae2d4004241254aed3f93873604d39883c8259f0
16089996,0x26f4bf10a36b4d053fd804020b816dfec088344e489b7d4e52fcb3ff6cc686fe,STATE WETH,0x00c2999c8b2adf4abc835cc63209533973718eb1 0xc02aaa39b223fe8d0a0e5c4f27ead9083c756cc2,STATE-WETH(sush) STATE-WETH(usp2),0x1da92f6a396eeb104ad13743486b450bd8b96e62 0xd34d4916440dba56a5719af981e646d69c9cec0d
16090000,0xcab10ad3760be593516761ee742ba3b20cf79c07973a27aa0f305ceb9f332861,BAND WETH,0xba11d00c5f74255f56a5e366f4f77f5a186d7f55 0xc02aaa39b223fe8d0a0e5c4f27ead9083c756cc2,BAND-WETH(usp2) BAND-WETH(sush),0xf421c3f2e695c2d4c0765379ccace8ade4a480d9 0xa75f7c2f025f470355515482bde9efa8153536a8
16090017,0x2718de107ae0fb156f213a7aeafe55b293ff4f53d41f23c20a3b0b1c9ccca263,BMI WETH,0x725c263e32c72ddc3a19bea12c5a0479a81ee688 0xc02aaa39b223fe8d0a0e5c4f27ead9083c756cc2,BMI-WETH(usp2) BMI-WETH(sush),0xa9bd7eef0c7affbdbdae92105712e9ff8b06ed49 0x53813285cc60b13fcd2105c6472a47af01f8ac84
16090072,0x51575568284e98e7d655e6aa071fa0d23b4826710971302be50d3ee3f28768e2,WETH ICE,0xc02aaa39b223fe8d0a0e5c4f27ead9083c756cc2 0xf16e81dce15b08f326220742020379b855b87df9,WETH-ICE(usp2) WETH-ICE(sush),0x0efea698136d636e2babad10821e9064fe08f418 0x94b86ca6f7a495930fe7f552eb9e4cbb5ef2b736
16090092,0xb895aea1e13ef684a382517a42e346f49a481a0e0ba5e45ca9de6532aaa06a84,WETH API3,0xc02aaa39b223fe8d0a0e5c4f27ead9083c756cc2 0x0b38210ea11411557c13457d4da7dc6ea731b88a,API3-WETH(sush) API3-WETH(usp2),0xa8aec03d5cf2824fd984ee249493d6d4d6740e61 0x4dd26482738be6c06c31467a19dcda9ad781e8c4
16090102,0x6c388f6784859ea5ebf3d7c3b5493b63b7a2420a10e644b0ac6f1b559f05ea5b,CEL WETH,0xaaaebe6fe48e54f431b0c390cfaf0b017d09d42d 0xc02aaa39b223fe8d0a0e5c4f27ead9083c756cc2,CEL-WETH(sush) CEL-WETH(usp2),0x796bc3622a6e0cd32e7bc02a9b6d6fdcbaf1cb26 0xa5e79baee540f000ef6f23d067cd3ac22c7d9fe6
16090116,0x97f619c2d7001eec3bf48df77358a17e205420416dfea34cc7711e6c8da6e683,BBIT WETH DAI PLR,0xf67192a8b9f269f23802d9ab94c7875a0abb7aea 0xc02aaa39b223fe8d0a0e5c4f27ead9083c756cc2 0x6b175474e89094c44da98b954eedeac495271d0f 0xe3818504c1b32bf1557b16c238b2e01fd3149c17,WETH-BBIT(usp2) DAI-PLR(usp2) DAI-BBIT(usp2) WETH-PLR(usp2),0x461037159a95d0fb08428d4429aed5e7bd4fba14 0x025d34acfd5c65cfd5a73209f99608c9e13338f3 0x3440559f2b7ceefb98f9fd7718adce4f6082e8ae 0xae2d4004241254aed3f93873604d39883c8259f0
16090125,0xb2da426370fd02566dc916766473dcf065e2bf84b13ba61555030beb9a4460cb,Coval WETH MATIC,0x3d658390460295fb963f54dc0899cfb1c30776df 0xc02aaa39b223fe8d0a0e5c4f27ead9083c756cc2 0x7d1afa7b718fb893db30a3abc0cfc608aacfebb0,Coval-WETH(usp2) MATIC-WETH(usp2) Coval-MATIC(usp2),0x3bf1b837ccc1f62114a3e74ced4fcfb121d7e52a 0x819f3450da6f110ba6ea52195b3beafa246062de 0xe2cf556a2011891d0cb9f5b8681de22fb87a4753
16090134,0x579a9096efb2954f62f9287bc67c7397ddd01cb1f0b736730a9194a764447d95,VSP WETH,0x1b40183efb4dd766f11bda7a7c3ad8982e998421 0xc02aaa39b223fe8d0a0e5c4f27ead9083c756cc2,VSP-WETH(usp2) VSP-WETH(sush),0x6d7b6dad6abed1dfa5eba37a6667ba9dcfd49077 0x132eeb05d5cb6829bd34f552cde0b6b708ef5014
16090154,0x7ebc4155d95994d15972430e8da59eb9bd837136a53f69dbbe1200d42825c45c,Coval WETH MATIC,0x3d658390460295fb963f54dc0899cfb1c30776df 0xc02aaa39b223fe8d0a0e5c4f27ead9083c756cc2 0x7d1afa7b718fb893db30a3abc0cfc608aacfebb0,Coval-WETH(usp2) Coval-MATIC(usp2) MATIC-WETH(sush),0x3bf1b837ccc1f62114a3e74ced4fcfb121d7e52a 0xe2cf556a2011891d0cb9f5b8681de22fb87a4753 0x7f8f7dd53d1f3ac1052565e3ff451d7fe666a311
16090166,0xe9481c6ce8ec34327855342ff57690a5e3050563f517e6db824c3afdf6a8ba01,Coval WETH MATIC,0x3d658390460295fb963f54dc0899cfb1c30776df 0xc02aaa39b223fe8d0a0e5c4f27ead9083c756cc2 0x7d1afa7b718fb893db30a3abc0cfc608aacfebb0,Coval-WETH(usp2) MATIC-WETH(usp2) Coval-MATIC(usp2),0x3bf1b837ccc1f62114a3e74ced4fcfb121d7e52a 0x819f3450da6f110ba6ea52195b3beafa246062de 0xe2cf556a2011891d0cb9f5b8681de22fb87a4753
16090173,0xddf9af54ab85d66ae370355eed33f9ee4eea5bb5791876e0f14d5071fec56a5c,IXS OCEAN WETH ALBT,0x73d7c860998ca3c01ce8c808f5577d94d545d1b4 0x967da4048cd07ab37855c090aaf366e4ce1b9f48 0xc02aaa39b223fe8d0a0e5c4f27ead9083c756cc2 0x00a8b738e453ffd858a7edf03bccfe20412f0eb0,OCEAN-WETH(usp2) IXS-WETH(usp2) ALBT-IXS(usp2) ALBT-OCEAN(usp2),0x9b7dad79fc16106b47a3dab791f389c167e15eb0 0xc09bf2b1bc8725903c509e8caeef9190857215a8 0xc06a8a2fb6711c31ec34c325ea8971493c3deacf 0x18a5c094d811e1ef9116fa0bbc5cd23a70cfcddd
16090178,0xff7942c6f2bc49595f5003c8e17eaf6ac4733d88401ce7d71eed35ceefc73f48,Coval WETH MATIC,0x3d658390460295fb963f54dc0899cfb1c30776df 0xc02aaa39b223fe8d0a0e5c4f27ead9083c756cc2 0x7d1afa7b718fb893db30a3abc0cfc608aacfebb0,Coval-WETH(usp2) MATIC-WETH(usp2) Coval-MATIC(usp2),0x3bf1b837ccc1f62114a3e74ced4fcfb121d7e52a 0x819f3450da6f110ba6ea52195b3beafa246062de 0xe2cf556a2011891d0cb9f5b8681de22fb87a4753
16090184,0x44ceaa9ea00ffa6598ad4f405f267d93ab579ca1f9c6a67b3a4824d5f703da8d,Coval WETH MATIC,0x3d658390460295fb963f54dc0899cfb1c30776df 0xc02aaa39b223fe8d0a0e5c4f27ead9083c756cc2 0x7d1afa7b718fb893db30a3abc0cfc608aacfebb0,Coval-WETH(usp2) MATIC-WETH(usp2) Coval-MATIC(usp2),0x3bf1b837ccc1f62114a3e74ced4fcfb121d7e52a 0x819f3450da6f110ba6ea52195b3beafa246062de 0xe2cf556a2011891d0cb9f5b8681de22fb87a4753
16090191,0x0879ceb01a2a7d65e589b636dff57e1527fcdf3a276a6babce08b2d8d30e3d4c,INV WETH,0x41d5d79431a913c4ae7d69a668ecdfe5ff9dfb68 0xc02aaa39b223fe8d0a0e5c4f27ead9083c756cc2,INV-WETH(usp2) INV-WETH(sush),0x73e02eaab68a41ea63bdae9dbd4b7678827b2352 0x328dfd0139e26cb0fef7b0742b49b0fe4325f821
16090196,0xf70c6a1d2d572d4f80fe4a221d970531a54c03e73e26cf1b30f2d2011e07bdf7,Coval WETH MATIC,0x3d658390460295fb963f54dc0899cfb1c30776df 0xc02aaa39b223fe8d0a0e5c4f27ead9083c756cc2 0x7d1afa7b718fb893db30a3abc0cfc608aacfebb0,Coval-WETH(usp2) MATIC-WETH(usp2) Coval-MATIC(usp2),0x3bf1b837ccc1f62114a3e74ced4fcfb121d7e52a 0x819f3450da6f110ba6ea52195b3beafa246062de 0xe2cf556a2011891d0cb9f5b8681de22fb87a4753
16090202,0x75e871191150ca61399ba520a3699cc255b54b8ab27d5e8e44fc56ac1e60c981,Coval WETH MATIC,0x3d658390460295fb963f54dc0899cfb1c30776df 0xc02aaa39b223fe8d0a0e5c4f27ead9083c756cc2 0x7d1afa7b718fb893db30a3abc0cfc608aacfebb0,Coval-WETH(usp2) MATIC-WETH(usp2) Coval-MATIC(usp2),0x3bf1b837ccc1f62114a3e74ced4fcfb121d7e52a 0x819f3450da6f110ba6ea52195b3beafa246062de 0xe2cf556a2011891d0cb9f5b8681de22fb87a4753
16090204,0xd76806c8ebf8f90efd43e114c75145e56c05f377dc1866952ccae046642c196d,RIO rUSD WETH,0xf21661d0d1d76d3ecb8e1b9f1c923dbfffae4097 0xf9a2d7e60a3297e513317ad1d7ce101cc4c6c8f6 0xc02aaa39b223fe8d0a0e5c4f27ead9083c756cc2,WETH-rUSD(usp2) RIO-rUSD(usp2) WETH-RIO(usp2),0x9eb369241e4270796e665ea1afac355cb99f0c32 0x06ed871e5a66bebf0af6fb768d343b1d14a04b5b 0x0b85b3000bef3e26e01428d1b525a532ea7513b8
16090205,0x65825847cb81672ac5ca16d219e0022a4d121fc7284aff8973b91da4b61f79a4,RIO WETH RST,0xf21661d0d1d76d3ecb8e1b9f1c923dbfffae4097 0xc02aaa39b223fe8d0a0e5c4f27ead9083c756cc2 0x1a76bffd6d1fc1660e1d0e0552fde51ddbb120cf,WETH-RIO(usp2) RST-RIO(usp2) RST-WETH(usp2),0x0b85b3000bef3e26e01428d1b525a532ea7513b8 0x4502988e070f96cf3bea50b4811cd5844e13a81b 0x0f027d40c80d8f70f77d3884776531f80b21d20e
16090236,0xe2b7b6d062cf1de1f4952ee84f5662ff8818874e004e8cebc57bf9368c49c410,CHR HGET WETH,0x8a2279d4a90b6fe1c4b30fa660cc9f926797baa2 0x7968bc6a03017ea2de509aaa816f163db0f35148 0xc02aaa39b223fe8d0a0e5c4f27ead9083c756cc2,HGET-CHR(usp2) HGET-WETH(usp2) CHR-WETH(usp2),0x510c9b3fe162f463dac2f8c6ddd3d8ed5f49e360 0xe41e01a3231c0f19bacb9baee26a8554e0796391 0xd366ed22f5b2262a2da4c32d8a4607c93690134a
16090252,0x2aa37999d5aad5fdb9e1123661c56e245fd1e69d3b5c742369144f4adc641e93,USDC WETH CGG BLZ,0xa0b86991c6218b36c1d19d4a2e9eb0ce3606eb48 0xc02aaa39b223fe8d0a0e5c4f27ead9083c756cc2 0x1fe24f25b1cf609b9c4e7e12d802e3640dfa5e43 0x5732046a883704404f284ce41ffadd5b007fd668,BLZ-USDC(usp2) BLZ-WETH(usp2) CGG-USDC(usp2) CGG-WETH(usp2),0x5fa9569b0ed6aa01e234468e6a15b77988b950df 0xcf4236db746dbc1855a4d095aaf58da9b030491e 0xe8e5d6786431d2d8c18a90feac1f5e7d9bf225cc 0xc8ca3c0f011fe42c48258ecbbf5d94c51f141c17
16090258,0xc6d5b17c5031af34698ad4ec3a675e14402b9c98e9e1b1bb47247c6d5455d01e,CHR HGET WETH,0x8a2279d4a90b6fe1c4b30fa660cc9f926797baa2 0x7968bc6a03017ea2de509aaa816f163db0f35148 0xc02aaa39b223fe8d0a0e5c4f27ead9083c756cc2,HGET-CHR(usp2) HGET-WETH(usp2) CHR-WETH(usp2),0x510c9b3fe162f463dac2f8c6ddd3d8ed5f49e360 0xe41e01a3231c0f19bacb9baee26a8554e0796391 0xd366ed22f5b2262a2da4c32d8a4607c93690134a
16090263,0xfb0993705e4143ce6c11f276141da25213137a698347cc9f5bb714fe3f5dde83,UST WETH MIR,0xa47c8bf37f92abed4a126bda807a7b7498661acd 0xc02aaa39b223fe8d0a0e5c4f27ead9083c756cc2 0x09a3ecafa817268f77be1283176b946c4ff2e608,MIR-UST(usp2) MIR-WETH(sush) UST-WETH(sush),0x87da823b6fc8eb8575a235a824690fda94674c88 0x09071bd5ea1b26ad3b24be2839e2f8b44331c66d 0x8b00ee8606cc70c2dce68dea0cefe632cca0fb7b
16090267,0x578b9bb1cd90ca962bd75e9aaad28a239363f19f27495f06a302080b17bfe742,WETH rFIS FIS,0xc02aaa39b223fe8d0a0e5c4f27ead9083c756cc2 0xc82eb6dea0c93edb8b697b89ad1b13d19469d635 0xef3a930e1ffffacd2fc13434ac81bd278b0ecc8d,rFIS-FIS(usp2) WETH-rFIS(usp2) WETH-FIS(usp2),0x5676a3e884ed64cb8e39e905f221872971803d2d 0xec736f21bea3d34f222ba101af231b57699760f3 0x6da6c5c7eb4d840049f51ba1a79ac8caf3009466
16090278,0x15d13493b47a26a8a992b784fc138738b6ba45938a4d91cdd252a2e58aa68129,OCEAN WETH ALBT,0x967da4048cd07ab37855c090aaf366e4ce1b9f48 0xc02aaa39b223fe8d0a0e5c4f27ead9083c756cc2 0x00a8b738e453ffd858a7edf03bccfe20412f0eb0,OCEAN-WETH(usp2) ALBT-WETH(usp2) ALBT-OCEAN(usp2),0x9b7dad79fc16106b47a3dab791f389c167e15eb0 0xe5c5227d8105d8d5f26ff3634eb52e2d7cc15b50 0x18a5c094d811e1ef9116fa0bbc5cd23a70cfcddd
16090307,0x3bb1e4df9c2e9f3cd88d606b2bac16d2cafa4f2eedf6ac4def01e3641da5ac5b,RARI WETH,0xfca59cd816ab1ead66534d82bc21e7515ce441cf 0xc02aaa39b223fe8d0a0e5c4f27ead9083c756cc2,WETH-RARI(usp2) WETH-RARI(sush),0x86fef14c27c78deaeb4349fd959caa11fc5b5d75 0x53aabccae8c1713a6a150d9981d2ee867d0720e8
16090311,0x3c4039a78911c5f8136b9ed80cd8ff2dac686efce6ecb54e5907415c914bd3b9,PRIMATE TOWER WETH,0x46e98ffe40e408ba6412beb670507e083c8b95ff 0x1c9922314ed1415c95b9fd453c3818fd41867d0b 0xc02aaa39b223fe8d0a0e5c4f27ead9083c756cc2,TOWER-PRIMATE(sush) PRIMATE-WETH(sush) TOWER-WETH(usp2),0xc30647f1cfd4ac75e5a3dbb460d1a728a1f67ac5 0x0d80f8a039cc61b659ff299bb132de271c757325 0x4e9e73c0170f09e709573127c4ab02e57b868178
16090372,0xa2f663833967c60096db53f4023eac8ba070b2ef5e93caae92ad8f1ec7eeb93a,WETH AMPL,0xc02aaa39b223fe8d0a0e5c4f27ead9083c756cc2 0xd46ba6d942050d489dbd938a2c909a5d5039a161,WETH-AMPL(usp2) WETH-AMPL(sush),0xc5be99a02c6857f9eac67bbce58df5572498f40c 0xcb2286d9471cc185281c4f763d34a962ed212962
16090378,0xc47f05b2644a195f05aad6f67b0bd604578356f6730e95361bcdc9e40a54188d,WETH PLR,0xc02aaa39b223fe8d0a0e5c4f27ead9083c756cc2 0xe3818504c1b32bf1557b16c238b2e01fd3149c17,WETH-PLR(sush) WETH-PLR(usp2),0x8fedca1b2aa38dd751bf4cb329d2a1fc5b26e8f2 0xae2d4004241254aed3f93873604d39883c8259f0
16090390,0xe679c3462e7b2b18271600fe80d67b6659bcad9a0f22f8f364255fa4f16760c8,PRIMATE QUIDD WETH,0x46e98ffe40e408ba6412beb670507e083c8b95ff 0xda9fdab21bc4a5811134a6e0ba6ca06624e67c07 0xc02aaa39b223fe8d0a0e5c4f27ead9083c756cc2,PRIMATE-QUIDD(sush) PRIMATE-WETH(sush) WETH-QUIDD(sush),0xcea4eef16e9517d504b697ae98c9add068ed4f86 0x0d80f8a039cc61b659ff299bb132de271c757325 0x43ddaa598f84c5c71388763f851dfc4c7e9dec84
16090429,0xf0beb6a0f8422c91e961651fdcc7bf491324a3b1eb1f47b6d606c370f5a93464,APE PRIMATE WETH,0x4d224452801aced8b2f0aebe155379bb5d594381 0x46e98ffe40e408ba6412beb670507e083c8b95ff 0xc02aaa39b223fe8d0a0e5c4f27ead9083c756cc2,APE-WETH(usp2) PRIMATE-WETH(sush) PRIMATE-APE(sush),0xb011eeaab8bf0c6de75510128da95498e4b7e67f 0x0d80f8a039cc61b659ff299bb132de271c757325 0xdbb69ea87507525fffbd1c4f1ad6f7d30a9a402e
16090451,0x5913f925bd0efaa2f0125bb2fdf59fc9ee90a1688ca424a643d8caf49591ed6c,Coval WETH MATIC,0x3d658390460295fb963f54dc0899cfb1c30776df 0xc02aaa39b223fe8d0a0e5c4f27ead9083c756cc2 0x7d1afa7b718fb893db30a3abc0cfc608aacfebb0,Coval-WETH(usp2) Coval-MATIC(usp2) MATIC-WETH(sush),0x3bf1b837ccc1f62114a3e74ced4fcfb121d7e52a 0xe2cf556a2011891d0cb9f5b8681de22fb87a4753 0x7f8f7dd53d1f3ac1052565e3ff451d7fe666a311
16090515,0x2c61eec685fae5978d6996826c07a03a2978addadbb640ef08899718287f9e86,HEX WETH USDT SHROOM,0x2b591e99afe9f32eaa6214f7b7629768c40eeb39 0xc02aaa39b223fe8d0a0e5c4f27ead9083c756cc2 0xdac17f958d2ee523a2206206994597c13d831ec7 0xed0439eacf4c4965ae4613d77a5c2efe10e5f183,WETH-SHROOM(usp2) HEX-WETH(usp2) USDT-SHROOM(usp2) HEX-USDT(usp2),0x7d611e4cf1c7b94561c4caa5602f329d108336e3 0x55d5c232d921b9eaa6b37b5845e439acd04b4dba 0x20b2ef197302be35c4c08f466a646e5da75a86e3 0xbbb9bf440d0f686487925fef3b0a0f9aa67753f6
16090534,0x421dde0a98886e78945e2ce5a3dc513669f774cacbadfe8e66911ffa84542d65,CREAM WETH,0x2ba592f78db6436527729929aaf6c908497cb200 0xc02aaa39b223fe8d0a0e5c4f27ead9083c756cc2,CREAM-WETH(sush) CREAM-WETH(usp2),0xf169cea51eb51774cf107c88309717dda20be167 0xddf9b7a31b32ebaf5c064c80900046c9e5b7c65f
16090574,0x6c3afcffa2c0501c465fa5ef90c5dfac8db805d068af8d568503f5f84831cba5,CREAM WETH,0x2ba592f78db6436527729929aaf6c908497cb200 0xc02aaa39b223fe8d0a0e5c4f27ead9083c756cc2,CREAM-WETH(sush) CREAM-WETH(usp2),0xf169cea51eb51774cf107c88309717dda20be167 0xddf9b7a31b32ebaf5c064c80900046c9e5b7c65f
16090596,0xe0c0f1d449021317598ee5a9ff87b891ee30b933749edb603ca615a96b430730,PEAK WETH WBTC DYP,0x630d98424efe0ea27fb1b3ab7741907dffeaad78 0xc02aaa39b223fe8d0a0e5c4f27ead9083c756cc2 0x2260fac5e5542a773aa44fbcfedf7c193bc2c599 0x961c8c0b1aad0c0b10a51fef6a867e3091bcef17,PEAK-WETH(usp2) WBTC-PEAK(usp2) DYP-WETH(usp2) WBTC-DYP(usp2),0x9c18a2f9545112ab2fcbdd228536562406a53232 0xc2f71bbca8fc4b8f0646bfe49c2514913f51c328 0xba7872534a6c9097d805d8bee97e030f4e372e54 0x44b77e9ce8a20160290fcbaa44196744f354c1b7
16090596,0x1915bb397341dfdf40dadf6abed7abac25d27c8892882002b4b1e9126bb01ca9,CREAM WETH,0x2ba592f78db6436527729929aaf6c908497cb200 0xc02aaa39b223fe8d0a0e5c4f27ead9083c756cc2,CREAM-WETH(sush) CREAM-WETH(usp2),0xf169cea51eb51774cf107c88309717dda20be167 0xddf9b7a31b32ebaf5c064c80900046c9e5b7c65f
16090616,0x958130a3e74ccda19c724e39ba62dc69b05de8e52c8e9d3210945b44a0e59532,VSP WETH,0x1b40183efb4dd766f11bda7a7c3ad8982e998421 0xc02aaa39b223fe8d0a0e5c4f27ead9083c756cc2,VSP-WETH(usp2) VSP-WETH(sush),0x6d7b6dad6abed1dfa5eba37a6667ba9dcfd49077 0x132eeb05d5cb6829bd34f552cde0b6b708ef5014
16090620,0x278c71edc693d88c6cf6130bdaffc9fe21749ae71e60a7b32968b0cc43a6915a,USDC MYTH WETH DAO,0xa0b86991c6218b36c1d19d4a2e9eb0ce3606eb48 0xba41ddf06b7ffd89d1267b5a93bfef2424eb2003 0xc02aaa39b223fe8d0a0e5c4f27ead9083c756cc2 0x0f51bb10119727a7e5ea3538074fb341f56b09ad,MYTH-WETH(usp2) USDC-MYTH(usp2) DAO-USDC(usp2) DAO-WETH(usp2),0xf7bb3cbe60e63bb3d5dc40fb48f1857b40660b2f 0x4620bee6e5bd679b0242bf0bd6291b0ac45b909b 0x4cd36d6f32586177e36179a810595a33163a20bf 0x7dd3f5705504002dc946aeafe6629b9481b72272
16090626,0x6faf94e137a1dffa46b135cd7b6d38b070c77f207cb9d8c28ecb66017d0b47a0,WETH PLR,0xc02aaa39b223fe8d0a0e5c4f27ead9083c756cc2 0xe3818504c1b32bf1557b16c238b2e01fd3149c17,WETH-PLR(sush) WETH-PLR(usp2),0x8fedca1b2aa38dd751bf4cb329d2a1fc5b26e8f2 0xae2d4004241254aed3f93873604d39883c8259f0
16090709,0x29349de9071a15ca3254e1462df41f8a8fa22067825ec6f776058b92f8376536,Dream TSUKA WETH,0x141d747c237de7bcce3f2ea776e280235e1e06e0 0xc5fb36dd2fb59d3b98deff88425a3f425ee469ed 0xc02aaa39b223fe8d0a0e5c4f27ead9083c756cc2,Dream-WETH(usp2) Dream-TSUKA(usp2) WETH-TSUKA(usp2),0xb6627333ab7d1a85c5c554849bf3dcf5b2b8bb22 0x7a6f2c4cce646ca078330d19dde35f2e37746c47 0xa1af3bb298673f46cf1299efc7e73e7b2e2d20b8
16090709,0xec48ca90d5a12eb2cf3a9bb383d62da7a36be321ccf7ad1fbf6881bbcf899c5f,QUIDD MYTH WETH PROS,0xda9fdab21bc4a5811134a6e0ba6ca06624e67c07 0xba41ddf06b7ffd89d1267b5a93bfef2424eb2003 0xc02aaa39b223fe8d0a0e5c4f27ead9083c756cc2 0x8642a849d0dcb7a15a974794668adcfbe4794b56,MYTH-QUIDD(usp2) WETH-QUIDD(sush) PROS-MYTH(usp2) PROS-WETH(sush),0x9042f4971dc890b599e4d90dca9dba0d582ffe6d 0x43ddaa598f84c5c71388763f851dfc4c7e9dec84 0x06780816e8ab8b2c68fbb9f889bacd69c389d298 0x19b80a02798feeaca61274104fd7047a6e569ba1
16090777,0x7cfe230b7dad14a412ca2c9df779b8d0488851904405333cfa3536dd05d92ddf,WDOGE WETH,0x35a532d376ffd9a705d0bb319532837337a398e7 0xc02aaa39b223fe8d0a0e5c4f27ead9083c756cc2,WDOGE-WETH(usp2) WDOGE-WETH(sush),0xc3d7aa944105d3fafe07fc1822102449c916a8d0 0x60bce13608701789ab9c8faa9b82de115ea8744d
16090782,0x65d5d21c1679da829ae01759c6d5776281ec26371da6d24a667108fe9abd40a9,VERI WETH POLS,0x8f3470a7388c05ee4e7af3d01d8c722b0ff52374 0xc02aaa39b223fe8d0a0e5c4f27ead9083c756cc2 0x83e6f1e41cdd28eaceb20cb649155049fac3d5aa,POLS-WETH(usp2) POLS-VERI(usp2) VERI-WETH(usp2),0xffa98a091331df4600f87c9164cd27e8a5cd2405 0x172c868c77ba62f2d7e1e8f4dae904fb12d09d11 0xf21638ee30e1ee8ccff28c08583f0b5ca208dab1
16090785,0x2cdfc806e5137a8f9912ce94792d32ea127171a23d9dbed34dfd58125a574e88,MUSK WETH USDT PRE,0x6069c9223e8a5da1ec49ac5525d4bb757af72cd8 0xc02aaa39b223fe8d0a0e5c4f27ead9083c756cc2 0xdac17f958d2ee523a2206206994597c13d831ec7 0xec213f83defb583af3a000b1c0ada660b1902a0f,MUSK-USDT(usp2) USDT-PRE(usp2) MUSK-WETH(usp2) WETH-PRE(usp2),0xd6e1720b9a3bce9925e29f6b05204748097d287b 0x5f094191ddad05c5b6ddfa992a4f49d8d679290d 0x8d7a93e896784a64c17a11f29067bd5416df7d60 0xf248959d7aa50cd47b448f507063eaa6cc5404c4
16090862,0xe3481ec02b4ad5723902fd092e9f5919100f0498327363b102083c228f3af72d,FRAX WETH IQ,0x853d955acef822db058eb8505911ed77f175b99e 0xc02aaa39b223fe8d0a0e5c4f27ead9083c756cc2 0x579cea1889991f68acc35ff5c3dd0621ff29b0c9,IQ-WETH(sush) IQ-FRAX(usp2) FRAX-WETH(sush),0x9d45081706102e7aaddd0973268457527722e274 0xd6c783b257e662ca949b441a4fcb08a53fc49914 0xec8c342bc3e07f05b9a782bc34e7f04fb9b44502
16090917,0x821dc91f372562f6487dffa43a80e12274e93ddb8dd09508f03e3b1a582287b9,USDC WETH DSD,0xa0b86991c6218b36c1d19d4a2e9eb0ce3606eb48 0xc02aaa39b223fe8d0a0e5c4f27ead9083c756cc2 0xbd2f0cd039e0bfcf88901c98c0bfac5ab27566e3,DSD-WETH(usp2) USDC-DSD(usp2) USDC-WETH(usp2),0x9127ecda2976c0476c434c1cf8a472d7b86cdc0a 0x66e33d2605c5fb25ebb7cd7528e7997b0afa55e8 0xb4e16d0168e52d35cacd2c6185b44281ec28c9dc
16090971,0x275b7cd52a05d05c580a2036a3f6aab37a949681ff37d32292cf75dd7b2a5239,USDC MASK,0xa0b86991c6218b36c1d19d4a2e9eb0ce3606eb48 0x69af81e73a73b40adf4f3d4223cd9b1ece623074,MASK-USDC(usp2) MASK-USDC(sush),0xa40bb1c47f6dd27142a2bd7c93bfa98db9d1f5c5 0x31fa985bb0c282a814e7f3f0dce88b2a44197f60
16091029,0x1a0b460fdfb72ca8f777c905450ebd3ea6a8fa914b6b1f3d14e7a7b367048140,WETH CRV,0xc02aaa39b223fe8d0a0e5c4f27ead9083c756cc2 0xd533a949740bb3306d119cc777fa900ba034cd52,WETH-CRV(sush) WETH-CRV(usp2),0x58dc5a51fe44589beb22e8ce67720b5bc5378009 0x3da1313ae46132a397d90d95b1424a9a7e3e0fce
16091029,0x241351352778ab3c4fae3d00dbfd222d39608ba6dc9277e016db1eaa0a910c9f,WETH AMPL,0xc02aaa39b223fe8d0a0e5c4f27ead9083c756cc2 0xd46ba6d942050d489dbd938a2c909a5d5039a161,WETH-AMPL(sush) WETH-AMPL(usp2),0xcb2286d9471cc185281c4f763d34a962ed212962 0xc5be99a02c6857f9eac67bbce58df5572498f40c
16091060,0xf1797807ed1e95b1f4d8cbfc513cb45d196377c25d46a86a8e7c86f358a374b6,MTA WETH,0xa3bed4e1c75d00fa6f4e5e6922db7261b5e9acd2 0xc02aaa39b223fe8d0a0e5c4f27ead9083c756cc2,MTA-WETH(usp2) MTA-WETH(sush),0x0d0d65e7a7db277d3e0f5e1676325e75f3340455 0x663242d053057f317a773d7c262b700616d0b9a0
16091227,0x1fa8cd4d3359f74a200b344193f9bb501f9654bf2dce7b45a333523ead8f6ce4,USDT VOW UNI-V2,0xdac17f958d2ee523a2206206994597c13d831ec7 0x1bbf25e71ec48b84d773809b4ba55b6f4be946fb 0x97be09f2523b39b835da9ea3857cfa1d3c660cbb,VOW-UNI-V2(usp2) VOW-USDT(usp2) UNI-V2-USDT(usp2),0xf848e97469538830b0b147152524184a255b9106 0x1e49768714e438e789047f48fd386686a5707db2 0xdb5247366afd7712e6dcaffa3e7077423a852f65
16091260,0xf04a9c0fa1fba63418481890c6261185b148d5411bc5f81431f7a9308abcf463,WETH PLR,0xc02aaa39b223fe8d0a0e5c4f27ead9083c756cc2 0xe3818504c1b32bf1557b16c238b2e01fd3149c17,WETH-PLR(sush) WETH-PLR(usp2),0x8fedca1b2aa38dd751bf4cb329d2a1fc5b26e8f2 0xae2d4004241254aed3f93873604d39883c8259f0
16091343,0x72075f701d375bebeba76178ab9b7790d4ebd48e11623a8fa2241273a9150cf3,DDIM DUCK WETH,0xfbeea1c75e4c4465cb2fccc9c6d6afe984558e20 0xc0ba369c8db6eb3924965e5c4fd0b4c1b91e305f 0xc02aaa39b223fe8d0a0e5c4f27ead9083c756cc2,WETH-DUCK(usp2) DUCK-DDIM(usp2) WETH-DDIM(usp2),0xc5ed7350e0fb3f780c756ba7d5d8539dc242a414 0x5d08a36a46ee2ea2722a3b101a2a576341b8ddb5 0x38a94c4f4d9400643f0fb97198f90c93986f018e
16091373,0xdeb592cf59f246f17967780660b58a8432bb3b5ca11e55c75ca950b9520f615e,UST WETH MIR,0xa47c8bf37f92abed4a126bda807a7b7498661acd 0xc02aaa39b223fe8d0a0e5c4f27ead9083c756cc2 0x09a3ecafa817268f77be1283176b946c4ff2e608,MIR-UST(usp2) MIR-WETH(usp2) UST-WETH(sush),0x87da823b6fc8eb8575a235a824690fda94674c88 0x57ab5aeb8bac2586a0d437163c3eb844246336ce 0x8b00ee8606cc70c2dce68dea0cefe632cca0fb7b
16091401,0x3bb61c2a661f5ec7bd6eb57a9b0de331cb87f730ebbebf16187734af711c0ad1,JRT WETH,0x8a9c67fee641579deba04928c4bc45f66e26343a 0xc02aaa39b223fe8d0a0e5c4f27ead9083c756cc2,JRT-WETH(sush) JRT-WETH(usp2),0xf1360c4ae1cead17b588ec1111983d2791b760d3 0x2b6a25f7c54f43c71c743e627f5663232586c39f
16091448,0xfb981116847fa45232bb695af716d110a01ba3f003fca91fbbe51be564f87fff,EYE WETH SCX,0x155ff1a85f440ee0a382ea949f24ce4e0b751c65 0xc02aaa39b223fe8d0a0e5c4f27ead9083c756cc2 0x1b8568fbb47708e9e9d31ff303254f748805bf21,SCX-WETH(usp2) EYE-SCX(usp2) EYE-WETH(usp2),0x319ead06eb01e808c80c7eb9bd77c5d8d163addb 0xf047ee812b21050186f86106f6cabdfec35366c6 0x54965801946d768b395864019903aef8b5b63bb3
16091453,0xacd1ae739cb82871ada6826d92962f93802315a69b9db40b3416f7eaeef6afcc,WETH WBTC ISLA wPE,0xc02aaa39b223fe8d0a0e5c4f27ead9083c756cc2 0x2260fac5e5542a773aa44fbcfedf7c193bc2c599 0x697ef32b4a3f5a4c39de1cb7563f24ca7bfc5947 0xd075e95423c5c4ba1e122cae0f4cdfa19b82881b,WBTC-wPE(usp2) WBTC-ISLA(usp2) ISLA-WETH(usp2) WETH-wPE(usp2),0x0731ee4cf7376a1bd5a78199ac9bedc8213def24 0xee51984781254ad1a0ee3ae0ca26c4d53dea6ecb 0x3203d789bfdb222bfdd629b8de7c5dc38e8241ec 0x75f89ffbe5c25161cbc7e97c988c9f391eaefaf9
16091459,0xa3dff6b1585870298db3d4dba5e06e5501722db41cf8f232ac3d0d062e7c4a1f,LIF WETH ,0x9c38688e5acb9ed6049c8502650db5ac8ef96465 0xc02aaa39b223fe8d0a0e5c4f27ead9083c756cc2 0xeb9951021698b42e4399f9cbb6267aa35f82d59d,LIF-WETH(usp2) WETH-LIF(usp2),0x1bbbbd88ee17ac075c5d0cb0f8214a50ac636a2c 0x2c1564290f52206bc396131ba5a5cf4cd2343a28
16091461,0x318d4ada8bbeb2a4909e83b3f1d5fe194a183402cc525cfba4790688be43c021,LIF WETH ,0x9c38688e5acb9ed6049c8502650db5ac8ef96465 0xc02aaa39b223fe8d0a0e5c4f27ead9083c756cc2 0xeb9951021698b42e4399f9cbb6267aa35f82d59d,LIF-WETH(usp2) WETH-LIF(usp2),0x1bbbbd88ee17ac075c5d0cb0f8214a50ac636a2c 0x2c1564290f52206bc396131ba5a5cf4cd2343a28
16091462,0x7aaae4bfc5e7b54c9bfdc49cb78aee99ba561c04e61a176028cc1c4040bbb90b,WETH FTM,0xc02aaa39b223fe8d0a0e5c4f27ead9083c756cc2 0x4e15361fd6b4bb609fa63c81a2be19d873717870,FTM-WETH(sush) FTM-WETH(usp2),0x0e26a21013f2f8c0362cfae608b4e69a249d5efc 0x1ffc57cada109985ad896a69fbcebd565db4290e
16091499,0xe0a7a088b7da3523d4ebc98e66fe0e288130bc708359fb5781adaba3e8de1280,RIO WETH RST,0xf21661d0d1d76d3ecb8e1b9f1c923dbfffae4097 0xc02aaa39b223fe8d0a0e5c4f27ead9083c756cc2 0x1a76bffd6d1fc1660e1d0e0552fde51ddbb120cf,WETH-RIO(usp2) RST-RIO(usp2) RST-WETH(usp2),0x0b85b3000bef3e26e01428d1b525a532ea7513b8 0x4502988e070f96cf3bea50b4811cd5844e13a81b 0x0f027d40c80d8f70f77d3884776531f80b21d20e
16091504,0x72298f09cd222d5beac30bc5ce86d9d3feda3dd64f8b556f9d4c2791c86f5f4f,Dream WETH TSUKA,0x141d747c237de7bcce3f2ea776e280235e1e06e0 0xc02aaa39b223fe8d0a0e5c4f27ead9083c756cc2 0xc5fb36dd2fb59d3b98deff88425a3f425ee469ed,Dream-WETH(usp2) Dream-TSUKA(usp2) WETH-TSUKA(usp2),0xb6627333ab7d1a85c5c554849bf3dcf5b2b8bb22 0x7a6f2c4cce646ca078330d19dde35f2e37746c47 0xa1af3bb298673f46cf1299efc7e73e7b2e2d20b8
16091552,0x193071316aafbb26b0bad8a4685944882e80c0af3dbd361b2a1b9d8476b46c83,WETH AMPL,0xc02aaa39b223fe8d0a0e5c4f27ead9083c756cc2 0xd46ba6d942050d489dbd938a2c909a5d5039a161,WETH-AMPL(usp2) WETH-AMPL(sush),0xc5be99a02c6857f9eac67bbce58df5572498f40c 0xcb2286d9471cc185281c4f763d34a962ed212962
16091554,0x5810607dd0342493dfa684734dcb36fd2aa4d108e01f0a415fa5f5221a5ec7d5,WETH DOSE,0xc02aaa39b223fe8d0a0e5c4f27ead9083c756cc2 0xb31ef9e52d94d4120eb44fe1ddfde5b4654a6515,DOSE-WETH(sush) DOSE-WETH(usp2),0xe2e998f6f498cf9acdeda38de77ca95d1d8288f6 0x541e55d40d001ca062ea0366afce05848eb7194c
16091644,0x2cc26fe6f24b7544c87e943fa409cc5e8e1484da5b7bdc02c2e41c566600792e,WETH PLBT,0xc02aaa39b223fe8d0a0e5c4f27ead9083c756cc2 0x0affa06e7fbe5bc9a764c979aa66e8256a631f02,PLBT-WETH(sush) PLBT-WETH(usp2),0x64aae17164aa665c50fbfe6176b50f33afae1c3d 0x2395edaeb647fd499156130277aea29eb5414046
16091739,0x9634bafbe65559d9903d29208148e9734bec6c9347ae6505a9fe889dc0883caa,DOGEGF WETH,0xfb130d93e49dca13264344966a611dc79a456bc5 0xc02aaa39b223fe8d0a0e5c4f27ead9083c756cc2,WETH-DOGEGF(sush) WETH-DOGEGF(usp2),0xa416df4d96cd547337a3e8893bf3f01c2a2af5c0 0x6060ad7b2abb5716adc82c669353e5c5f3b9fb4d
16091767,0xd1ef0e6e6789842d2fd3df5a5ef3cd5d20871809c21f3c6d99e749c4b438d33b,RIO WETH RST,0xf21661d0d1d76d3ecb8e1b9f1c923dbfffae4097 0xc02aaa39b223fe8d0a0e5c4f27ead9083c756cc2 0x1a76bffd6d1fc1660e1d0e0552fde51ddbb120cf,WETH-RIO(usp2) RST-RIO(usp2) RST-WETH(usp2),0x0b85b3000bef3e26e01428d1b525a532ea7513b8 0x4502988e070f96cf3bea50b4811cd5844e13a81b 0x0f027d40c80d8f70f77d3884776531f80b21d20e
16091818,0x311fa18bb4ad751b8dfe8227d9380af740eabb5e1730065edd94c52a67ee3edb,VERI WETH POLS,0x8f3470a7388c05ee4e7af3d01d8c722b0ff52374 0xc02aaa39b223fe8d0a0e5c4f27ead9083c756cc2 0x83e6f1e41cdd28eaceb20cb649155049fac3d5aa,POLS-WETH(usp2) POLS-VERI(usp2) VERI-WETH(usp2),0xffa98a091331df4600f87c9164cd27e8a5cd2405 0x172c868c77ba62f2d7e1e8f4dae904fb12d09d11 0xf21638ee30e1ee8ccff28c08583f0b5ca208dab1
16091819,0x944861410bfe76e5a001eda467ae6f560ff4ae9dd23fb3dcfced7f64e0fd86ff,RIO WETH RST,0xf21661d0d1d76d3ecb8e1b9f1c923dbfffae4097 0xc02aaa39b223fe8d0a0e5c4f27ead9083c756cc2 0x1a76bffd6d1fc1660e1d0e0552fde51ddbb120cf,WETH-RIO(usp2) RST-RIO(usp2) RST-WETH(usp2),0x0b85b3000bef3e26e01428d1b525a532ea7513b8 0x4502988e070f96cf3bea50b4811cd5844e13a81b 0x0f027d40c80d8f70f77d3884776531f80b21d20e
16091914,0x89f7b24fc00edd11af862ee83ac78b2f5295e0a2770dcdd40df1ff24bd628fbc,WETH INJ,0xc02aaa39b223fe8d0a0e5c4f27ead9083c756cc2 0xe28b3b32b6c345a34ff64674606124dd5aceca30,WETH-INJ(sush) WETH-INJ(usp2),0xfb3cd0b8a5371fe93ef92e3988d30df7931e2820 0x3c70f4faea49e50adc8305f2e1aa0ea326a54ffc
16091951,0x71ee4f5bd8dafb36fbc34522ebf317b8da47b101e98169162cca68c8905a7dff,WETH TSUKA ZENI,0xc02aaa39b223fe8d0a0e5c4f27ead9083c756cc2 0xc5fb36dd2fb59d3b98deff88425a3f425ee469ed 0x2e59d147962e2bb3fbdc52dc18cfba2653c06ccc,ZENI-WETH(usp2) ZENI-TSUKA(usp2) WETH-TSUKA(usp2),0x0d5751e197830c7cdbf73d4c264fc00717534fb2 0xb60e1bcd4759ca910179b2bc26a4f15989d15c4a 0xa1af3bb298673f46cf1299efc7e73e7b2e2d20b8
16091953,0x53f7167e1532dfc083eae7ad0d0dabde284f1855004f5252ce88ecb363abd044,BETTER WETH RARE,0xa7925aa2a6e4575ab0c74d169f3bc3e03d4c319a 0xc02aaa39b223fe8d0a0e5c4f27ead9083c756cc2 0x81b1bfd6cb9ad42db395c2a27f73d4dcf5777e2d,BETTER-WETH(usp2) RARE-WETH(usp2) RARE-BETTER(usp2),0x0954955cad72ce5e5a879922ffbd757b04f9046c 0x02d7703097c9bdf0d973470239df3b9cc1589b01 0xffa6b93c9fc7e70a9d168f7672df2dda1b86d8c7
16091960,0x27ac1bb7f1cca9aab203b96971ff5ada4dd2424f92fb55bd4b306b964791ad58,WETH TSUKA WAIT,0xc02aaa39b223fe8d0a0e5c4f27ead9083c756cc2 0xc5fb36dd2fb59d3b98deff88425a3f425ee469ed 0x2559813bbb508c4c79e9ccce4703bcb1f149edd7,WAIT-WETH(usp2) WAIT-TSUKA(usp2) WETH-TSUKA(usp2),0x6028eb8adda090cdf08fb5dfbe873081fd736867 0x9632ceef486ffa5e851fb5b9b87f1ced99add663 0xa1af3bb298673f46cf1299efc7e73e7b2e2d20b8
16091970,0xb2f3b27e4dbcb503f247f9adef9a01cdf6b68dbd8b4fea9ca6c8ab70293d2130,WETH GMEE ASTRAFER,0xc02aaa39b223fe8d0a0e5c4f27ead9083c756cc2 0xd9016a907dc0ecfa3ca425ab20b6b785b42f2373 0x97bbbc5d96875fb78d2f14b7ff8d7a3a74106f17,ASTRAFER-GMEE(sush) ASTRAFER-WETH(sush) WETH-GMEE(usp2),0x7bb13fefaceef093837d504f2e92d7b7dba5aa58 0x031c3ada568bacc1c4831813489dff949862511a 0x4c083084c9d50334b343c44ec97d16011303cc73
16091972,0x6a0e54b86bef9b578a388f8f07a77713ad4d743f765c3b150c63cd32f1ecca5f,UYTY ARNC WETH USDT,0xf0b277645e6db1824781e98bff456c1f4ec38d26 0x7495e5cc8f27e0bd5bd4cb86d17f0d841ca58ee4 0xc02aaa39b223fe8d0a0e5c4f27ead9083c756cc2 0xdac17f958d2ee523a2206206994597c13d831ec7,USDT-UYTY(usp2) ARNC-WETH(usp2) WETH-UYTY(usp2) ARNC-USDT(usp2),0xea5d03d8dd8ec7ebc6992c6f41549629524e4f4a 0x7185cd76c2186347c8ac442867b170f37b2d6d77 0x580d5ff808cda5247165fedaaf66efbe52f204f6 0xeb4d8b3c9dbc6351b4591faba714b88c5fecd775
16092013,0x1bd31fff7f33248f455a33fb34f6baaef53e68a462cdfa0f59e6db5901db60e3,WETH INDEX,0xc02aaa39b223fe8d0a0e5c4f27ead9083c756cc2 0x0954906da0bf32d5479e25f46056d22f08464cab,INDEX-WETH(usp2) INDEX-WETH(sush),0x3452a7f30a712e415a0674c0341d44ee9d9786f9 0xa73df646512c82550c2b3c0324c4eedee53b400c
16092015,0x7914df7583f74ae5cb5e44ff6ead89afb09f46694ad6153db6ab7ee240ebc82c,WETH INDEX,0xc02aaa39b223fe8d0a0e5c4f27ead9083c756cc2 0x0954906da0bf32d5479e25f46056d22f08464cab,INDEX-WETH(usp2) INDEX-WETH(sush),0x3452a7f30a712e415a0674c0341d44ee9d9786f9 0xa73df646512c82550c2b3c0324c4eedee53b400c
16092064,0x4ca6f17a06b7357ce3c6d16e0e232897512aec8edfbaa5dc0f1f81b28454d15e,RIO WETH RST,0xf21661d0d1d76d3ecb8e1b9f1c923dbfffae4097 0xc02aaa39b223fe8d0a0e5c4f27ead9083c756cc2 0x1a76bffd6d1fc1660e1d0e0552fde51ddbb120cf,WETH-RIO(usp2) RST-RIO(usp2) RST-WETH(usp2),0x0b85b3000bef3e26e01428d1b525a532ea7513b8 0x4502988e070f96cf3bea50b4811cd5844e13a81b 0x0f027d40c80d8f70f77d3884776531f80b21d20e
16092088,0x1d8445ba8747586a721a71a111ef5163458d76a2d2e9bf82cc07509b49e2ef89,SOTU WETH TACO,0xa91c82b6933105c23298e631a0c1be751d239162 0xc02aaa39b223fe8d0a0e5c4f27ead9083c756cc2 0x00d1793d7c3aae506257ba985b34c76aaf642557,TACO-SOTU(usp2) SOTU-WETH(usp2) TACO-WETH(usp2),0x560f25525284303820b232c40630145c0341e3fd 0x9e0f4648d2cc986196580184ed9459aba16262bf 0x958db6e53d1c2bc18daa0ec86a05eb2244dd4e94
16092090,0xfcf66fcfa032644fa16a807803dc2ce380ca86ff6b3fad9024a8f4b2bdeb6a26,USDC MASK,0xa0b86991c6218b36c1d19d4a2e9eb0ce3606eb48 0x69af81e73a73b40adf4f3d4223cd9b1ece623074,MASK-USDC(usp2) MASK-USDC(sush),0xa40bb1c47f6dd27142a2bd7c93bfa98db9d1f5c5 0x31fa985bb0c282a814e7f3f0dce88b2a44197f60
16092232,0xa37ba004e56ce4905fc63012446cb3a6fc3bff67c8d214d85da6cad2863e462a,WETH DOSE,0xc02aaa39b223fe8d0a0e5c4f27ead9083c756cc2 0xb31ef9e52d94d4120eb44fe1ddfde5b4654a6515,DOSE-WETH(sush) DOSE-WETH(usp2),0xe2e998f6f498cf9acdeda38de77ca95d1d8288f6 0x541e55d40d001ca062ea0366afce05848eb7194c
16092239,0x1ed6a4bf9462ff53ab9bfe29ccc51f60f893b0abc2fb05ea30d4633a4df850ca,WETH DOSE REVV,0xc02aaa39b223fe8d0a0e5c4f27ead9083c756cc2 0xb31ef9e52d94d4120eb44fe1ddfde5b4654a6515 0x557b933a7c2c45672b610f8954a3deb39a51a8ca,REVV-DOSE(sush) REVV-WETH(sush) DOSE-WETH(usp2),0x2d42efafde25cdfde195216669b655d8c188218a 0xc926990039045611eb1de520c1e249fd0d20a8ea 0x541e55d40d001ca062ea0366afce05848eb7194c
16092259,0x968f75d8d2c578be66351c12ec07bcd051e7be568c72cee09f95196d2aa65b80,STATE WETH,0x00c2999c8b2adf4abc835cc63209533973718eb1 0xc02aaa39b223fe8d0a0e5c4f27ead9083c756cc2,STATE-WETH(sush) STATE-WETH(usp2),0x1da92f6a396eeb104ad13743486b450bd8b96e62 0xd34d4916440dba56a5719af981e646d69c9cec0d
16092404,0x6584c87c274a469cd6f0cf25bd21bfa14cf348bc6f774a9b5ff778bcb8c4692f,MTA WETH,0xa3bed4e1c75d00fa6f4e5e6922db7261b5e9acd2 0xc02aaa39b223fe8d0a0e5c4f27ead9083c756cc2,MTA-WETH(usp2) MTA-WETH(sush),0x0d0d65e7a7db277d3e0f5e1676325e75f3340455 0x663242d053057f317a773d7c262b700616d0b9a0
16092424,0xdac3ceb533325786662725325f983c6761318f9dbcbc0dca6d16fe3006a8448c,USDN USDT WAVES,0x674c6ad92fd080e4004b2312b45f796a192d27a0 0xdac17f958d2ee523a2206206994597c13d831ec7 0x1cf4592ebffd730c7dc92c1bdffdfc3b9efcf29a,WAVES-USDN(usp2) WAVES-USDT(usp2) USDN-USDT(usp2),0xdbc57ba069a51daad73351eb427639198d669070 0x27ed3141c1fa47113c6812c02d69d5aa044309c9 0x73fb253681c2a2f11c9d5c8e731be44a3f46b353
16092425,0x2f43bf39167d96ad63f968caf7a85086aa20b2c5203215cff7ed588d8fa27345,BETTER WETH RARE,0xa7925aa2a6e4575ab0c74d169f3bc3e03d4c319a 0xc02aaa39b223fe8d0a0e5c4f27ead9083c756cc2 0xba5bde662c17e2adff1075610382b9b691296350,BETTER-WETH(usp2) RARE-WETH(sush) BETTER-RARE(usp2),0x0954955cad72ce5e5a879922ffbd757b04f9046c 0x24e2adf50c49633039757ab08bff489b7c5bd6b2 0xa490ee2d50ce35fa15fbb04573b94a2a62fc1d99
16092436,0xb0d30e833bafcbcefa276ff6f8740fd5e8b1dbb307a7a98796d9ac6b36e2033d,MTA WETH,0xa3bed4e1c75d00fa6f4e5e6922db7261b5e9acd2 0xc02aaa39b223fe8d0a0e5c4f27ead9083c756cc2,MTA-WETH(usp2) MTA-WETH(sush),0x0d0d65e7a7db277d3e0f5e1676325e75f3340455 0x663242d053057f317a773d7c262b700616d0b9a0
16092468,0xeff11ff5eaea1ca21ed3be1c04bff5b29f5da5ecc6616f334ff3ec703120b9fc,MILK2 SHAKE WETH,0x80c8c3dcfb854f9542567c8dac3f44d709ebc1de 0x6006fc2a849fedaba8330ce36f5133de01f96189 0xc02aaa39b223fe8d0a0e5c4f27ead9083c756cc2,MILK2-WETH(usp2) SHAKE-WETH(usp2) SHAKE-MILK2(usp2),0xee802b312a957e00dd7bbc08eec8bb93d40e981d 0x8f30ba1f75ec27a014591789d117a1bb4703bff8 0x9f319e265b8189b5b5c2152cacc791b95b3da180
16092502,0xf1be6c8e20c4fb788014adc203328643a55834fc26124736b9d61bf81976ec27,MANA WETH,0x0f5d2fb29fb7d3cfee444a200298f468908cc942 0xc02aaa39b223fe8d0a0e5c4f27ead9083c756cc2,MANA-WETH(usp2) MANA-WETH(sush),0x11b1f53204d03e5529f09eb3091939e4fd8c9cf3 0x1bec4db6c3bc499f3dbf289f5499c30d541fec97
16092523,0x08c1b631f865698c3ca5ceeb8d1442058041cc1e89b9e90ad4b6f5203df5f4b5,DOLA INV WETH,0x865377367054516e17014ccded1e7d814edc9ce4 0x41d5d79431a913c4ae7d69a668ecdfe5ff9dfb68 0xc02aaa39b223fe8d0a0e5c4f27ead9083c756cc2,INV-WETH(sush) DOLA-WETH(usp2) INV-DOLA(sush),0x328dfd0139e26cb0fef7b0742b49b0fe4325f821 0xecfbe9b182f6477a93065c1c11271232147838e5 0x5ba61c0a8c4dcccc200cd0ccc40a5725a426d002
16092605,0x354314db504c8cf8adb0e262d45b46eef038beaaef0e1a16b9ea8e01df969436,WETH TRU,0xc02aaa39b223fe8d0a0e5c4f27ead9083c756cc2 0x4c19596f5aaff459fa38b0f7ed92f11ae6543784,TRU-WETH(sush) TRU-WETH(usp2),0xfceaaf9792139bf714a694f868a215493461446d 0xec6a6b7db761a5c9910ba8fcab98116d384b1b85
16092629,0x0ef99208012f8ae64f00683cc18b296435d91474067d8295fd7510215dd16c82,USDC WETH DSD,0xa0b86991c6218b36c1d19d4a2e9eb0ce3606eb48 0xc02aaa39b223fe8d0a0e5c4f27ead9083c756cc2 0xbd2f0cd039e0bfcf88901c98c0bfac5ab27566e3,DSD-WETH(usp2) USDC-DSD(usp2) USDC-WETH(usp2),0x9127ecda2976c0476c434c1cf8a472d7b86cdc0a 0x66e33d2605c5fb25ebb7cd7528e7997b0afa55e8 0xb4e16d0168e52d35cacd2c6185b44281ec28c9dc
16092641,0x20f359d833f7749139dd53c80c2012c0bcd925c24af478199b0f9db6f321488e,MYTH WETH GMEE,0xba41ddf06b7ffd89d1267b5a93bfef2424eb2003 0xc02aaa39b223fe8d0a0e5c4f27ead9083c756cc2 0xd9016a907dc0ecfa3ca425ab20b6b785b42f2373,MYTH-WETH(usp2) WETH-GMEE(usp2) MYTH-GMEE(usp2),0xf7bb3cbe60e63bb3d5dc40fb48f1857b40660b2f 0x4c083084c9d50334b343c44ec97d16011303cc73 0x65d012401ba1176ae6ca82296cee7854ee5a43ed
16092658,0x94729cdb1f5938c3e01f11bec48a21b5aa331b9dae34c7b9d735cb9e2c6e9a73,MILK2 SHAKE WETH,0x80c8c3dcfb854f9542567c8dac3f44d709ebc1de 0x6006fc2a849fedaba8330ce36f5133de01f96189 0xc02aaa39b223fe8d0a0e5c4f27ead9083c756cc2,MILK2-WETH(usp2) SHAKE-WETH(usp2) SHAKE-MILK2(usp2),0xee802b312a957e00dd7bbc08eec8bb93d40e981d 0x8f30ba1f75ec27a014591789d117a1bb4703bff8 0x9f319e265b8189b5b5c2152cacc791b95b3da180
16092750,0x7992a8a87952301660ac6e552e137d47f5ed5ada1d2bc9f1ac51484d2835a12f,WOO USDC,0x4691937a7508860f876c9c0a2a617e7d9e945d4b 0xa0b86991c6218b36c1d19d4a2e9eb0ce3606eb48,WOO-USDC(sush) WOO-USDC(usp2),0xf5ca27927ffb16bd8c870dcb49750146cce8217c 0xbbc95e1eb6ee476e9cbb8112435e14b372563038
16092870,0xe6c96d1a0c178f767cd52476d86e5f00d7e8cf7a4fb064d184429d9261b92f7c,UST WETH,0xa47c8bf37f92abed4a126bda807a7b7498661acd 0xc02aaa39b223fe8d0a0e5c4f27ead9083c756cc2,UST-WETH(sush) UST-WETH(usp2),0x8b00ee8606cc70c2dce68dea0cefe632cca0fb7b 0xc628da629c615909c961b1c69c3bcac0c3fad8a9
16092905,0x55cf9cc6af0fc07f6d4330f047c85769dd008bdd158975dc51eeffbd72f02751,WETH BAND,0xc02aaa39b223fe8d0a0e5c4f27ead9083c756cc2 0xba11d00c5f74255f56a5e366f4f77f5a186d7f55,BAND-WETH(usp2) BAND-WETH(sush),0xf421c3f2e695c2d4c0765379ccace8ade4a480d9 0xa75f7c2f025f470355515482bde9efa8153536a8
16092999,0xcb5a2cb4471b8d863ee5526be5f3fcdd355b1a454eefd2db757414d6638843cd,WETH TSUKA WAIT,0xc02aaa39b223fe8d0a0e5c4f27ead9083c756cc2 0xc5fb36dd2fb59d3b98deff88425a3f425ee469ed 0x2559813bbb508c4c79e9ccce4703bcb1f149edd7,WAIT-WETH(usp2) WAIT-TSUKA(usp2) WETH-TSUKA(usp2),0x6028eb8adda090cdf08fb5dfbe873081fd736867 0x9632ceef486ffa5e851fb5b9b87f1ced99add663 0xa1af3bb298673f46cf1299efc7e73e7b2e2d20b8
16093011,0x64288c3833538ff8bbb5192b661ce6d60a43146983536c77bafc93380484df71,WETH UBXT,0xc02aaa39b223fe8d0a0e5c4f27ead9083c756cc2 0x8564653879a18c560e7c0ea0e084c516c62f5653,UBXT-WETH(sush) UBXT-WETH(usp2),0xbcd6a2ddafbaa7f424698ed69e717c0c0f1e99bf 0x6a928d733606943559556f7eb22057c1964ce56a
16093013,0x52f8e1a8f048af8f1cf84b5c1b6d829e1a0d1943e2145ef449a5f3292bce5f7f,WETH FTM CVP,0xc02aaa39b223fe8d0a0e5c4f27ead9083c756cc2 0x4e15361fd6b4bb609fa63c81a2be19d873717870 0x38e4adb44ef08f22f5b5b76a8f0c2d0dcbe7dca1,CVP-WETH(sush) FTM-WETH(sush) CVP-WETH(usp2) FTM-WETH(usp2),0x1c580cc549d03171b13b55074dc1658f60641c73 0x0e26a21013f2f8c0362cfae608b4e69a249d5efc 0x12d4444f96c644385d8ab355f6ddf801315b6254 0x1ffc57cada109985ad896a69fbcebd565db4290e
16093016,0xb18b5624a19ff6acaae83e09ccf043f28d03141aa6cd9a9051f01fdbb38c905f,MANA WETH,0x0f5d2fb29fb7d3cfee444a200298f468908cc942 0xc02aaa39b223fe8d0a0e5c4f27ead9083c756cc2,MANA-WETH(usp2) MANA-WETH(sush),0x11b1f53204d03e5529f09eb3091939e4fd8c9cf3 0x1bec4db6c3bc499f3dbf289f5499c30d541fec97
16093027,0x51bfd5b3fd3a33f4240c023a8fdb9e3031ca83ecc606a9df60f7be07290f385b,WETH USDT DYP REQ,0xc02aaa39b223fe8d0a0e5c4f27ead9083c756cc2 0xdac17f958d2ee523a2206206994597c13d831ec7 0x961c8c0b1aad0c0b10a51fef6a867e3091bcef17 0x8f8221afbb33998d8584a2b05749ba73c37a938a,REQ-WETH(usp2) REQ-USDT(usp2) DYP-WETH(usp2) DYP-USDT(usp2),0x4a7d4be868e0b811ea804faf0d3a325c3a29a9ad 0x2b9f8fe8ffc437a9008bb3097066f02b0a1c52ec 0xba7872534a6c9097d805d8bee97e030f4e372e54 0x76911e11fddb742d75b83c9e1f611f48f19234e4
16093035,0x7f8fcbcdcf71fdb2a0cdcbc58c2c8b114a8ac956b76371d3b0d01fd41e5a2d61,WETH wPE YFU,0xc02aaa39b223fe8d0a0e5c4f27ead9083c756cc2 0xd075e95423c5c4ba1e122cae0f4cdfa19b82881b 0xa279dab6ec190ee4efce7da72896eb58ad533262,YFU-WETH(usp2) WETH-wPE(usp2) YFU-wPE(usp2),0xa9e98dc206f21fa0992ec640ba37ab4f62b223e9 0x75f89ffbe5c25161cbc7e97c988c9f391eaefaf9 0x8dc082087ee75b528dfd4e68fa28966666de1a60
16093045,0xc7d9ec6fbb6a43e202890a487b7322897ed9e08409ecb1f6244b191a95aeb843,WETH ZRX,0xc02aaa39b223fe8d0a0e5c4f27ead9083c756cc2 0xe41d2489571d322189246dafa5ebde1f4699f498,WETH-ZRX(usp2) WETH-ZRX(sush),0xc6f348dd3b91a56d117ec0071c1e9b83c0996de4 0x0bc5ae46c32d99c434b7383183aca16dd6e9bdc8
16093067,0x2d39dfe546d0b73a49b3ce57abbfa61092152bdc9ba98a7f7bf0d2094318d506,BNPL WETH XRUNE,0x84d821f7fbdd595c4c4a50842913e6b1e07d7a53 0xc02aaa39b223fe8d0a0e5c4f27ead9083c756cc2 0x69fa0fee221ad11012bab0fdb45d444d3d2ce71c,BNPL-WETH(sush) XRUNE-WETH(sush) XRUNE-BNPL(sush),0x817211d408fbc19193e482f4900354e4cc894a44 0x95cfa1f48fad82232772d3b1415ad4393517f3b5 0x62970575502f4c7583f6d77e5c6ec1c740c36368
16093120,0x3f6a627dffd344791a3ef20594be7a774417e96d87150707907585c1230f2e9e,WETH GMEE ASTRAFER,0xc02aaa39b223fe8d0a0e5c4f27ead9083c756cc2 0xd9016a907dc0ecfa3ca425ab20b6b785b42f2373 0x97bbbc5d96875fb78d2f14b7ff8d7a3a74106f17,ASTRAFER-GMEE(sush) ASTRAFER-WETH(sush) WETH-GMEE(usp2),0x7bb13fefaceef093837d504f2e92d7b7dba5aa58 0x031c3ada568bacc1c4831813489dff949862511a 0x4c083084c9d50334b343c44ec97d16011303cc73
16093130,0x642b188f220b3c5acef30054a7f5b07a133e4c9420cefa851b209e08a3d77dcb,MILK2 SHAKE WETH,0x80c8c3dcfb854f9542567c8dac3f44d709ebc1de 0x6006fc2a849fedaba8330ce36f5133de01f96189 0xc02aaa39b223fe8d0a0e5c4f27ead9083c756cc2,MILK2-WETH(usp2) SHAKE-WETH(usp2) SHAKE-MILK2(usp2),0xee802b312a957e00dd7bbc08eec8bb93d40e981d 0x8f30ba1f75ec27a014591789d117a1bb4703bff8 0x9f319e265b8189b5b5c2152cacc791b95b3da180
16093155,0xdabe93ff9edc056810df6651ebdaae2348b4710989e78a20024016be627a94a8,INV WETH,0x41d5d79431a913c4ae7d69a668ecdfe5ff9dfb68 0xc02aaa39b223fe8d0a0e5c4f27ead9083c756cc2,INV-WETH(usp2) INV-WETH(sush),0x73e02eaab68a41ea63bdae9dbd4b7678827b2352 0x328dfd0139e26cb0fef7b0742b49b0fe4325f821
16093202,0xa46f2c3d1560cf2df6df3c0391513f864a861fc8430f1a2ed27e7c93681a4807,WETH BAND,0xc02aaa39b223fe8d0a0e5c4f27ead9083c756cc2 0xba11d00c5f74255f56a5e366f4f77f5a186d7f55,BAND-WETH(usp2) BAND-WETH(sush),0xf421c3f2e695c2d4c0765379ccace8ade4a480d9 0xa75f7c2f025f470355515482bde9efa8153536a8
16093239,0x54878c0bb5dcc66ed4fc15f84c97d3a591065ad33ba6e1ab5edf01098115457f,UST WETH,0xa47c8bf37f92abed4a126bda807a7b7498661acd 0xc02aaa39b223fe8d0a0e5c4f27ead9083c756cc2,UST-WETH(sush) UST-WETH(usp2),0x8b00ee8606cc70c2dce68dea0cefe632cca0fb7b 0xc628da629c615909c961b1c69c3bcac0c3fad8a9
16093261,0xe9a88c9ef0b497731ab7f146da11b0321c81111d1796297489415616399ee482,VAL WETH XOR,0xe88f8313e61a97cec1871ee37fbbe2a8bf3ed1e4 0xc02aaa39b223fe8d0a0e5c4f27ead9083c756cc2 0x40fd72257597aa14c7231a7b1aaa29fce868f677,XOR-VAL(usp2) WETH-VAL(usp2) XOR-WETH(usp2),0x4fd3f9811224bf5a87bbaf002a345560c2d98d76 0x64c9cfa988bbe7b2df671af345bcf8fa904cebb8 0x01962144d41415cca072900fe87bbe2992a99f10
16093321,0x1c85854190968ef02079b31c7392db20311d76ecae86018a20c89fed77497981,MILK2 SHAKE WETH,0x80c8c3dcfb854f9542567c8dac3f44d709ebc1de 0x6006fc2a849fedaba8330ce36f5133de01f96189 0xc02aaa39b223fe8d0a0e5c4f27ead9083c756cc2,MILK2-WETH(usp2) SHAKE-WETH(usp2) SHAKE-MILK2(usp2),0xee802b312a957e00dd7bbc08eec8bb93d40e981d 0x8f30ba1f75ec27a014591789d117a1bb4703bff8 0x9f319e265b8189b5b5c2152cacc791b95b3da180
16093349,0x7f5e9bdc702a5a99f4d3c689f3b274037cb460ee56db207ac7a824e2264f3c36,WETH ZENI WAIT,0xc02aaa39b223fe8d0a0e5c4f27ead9083c756cc2 0x2e59d147962e2bb3fbdc52dc18cfba2653c06ccc 0x2559813bbb508c4c79e9ccce4703bcb1f149edd7,WAIT-WETH(usp2) WAIT-ZENI(usp2) ZENI-WETH(usp2),0x6028eb8adda090cdf08fb5dfbe873081fd736867 0xdd3e7f165f96356f88cd76d6971f03d089536ca2 0x0d5751e197830c7cdbf73d4c264fc00717534fb2
