poolAddress,token addresses
0x817211d408fbc19193e482f4900354e4cc894a44,0x84d821f7fbdd595c4c4a50842913e6b1e07d7a53 0xc02aaa39b223fe8d0a0e5c4f27ead9083c756cc2
0x12acfa11120ce49a2385cb0e14a2e0c5775ebf84,0x4bd70556ae3f8a6ec6c4080a0c327b24325438f3 0xa0b86991c6218b36c1d19d4a2e9eb0ce3606eb48
0x0e26a21013f2f8c0362cfae608b4e69a249d5efc,0x4e15361fd6b4bb609fa63c81a2be19d873717870 0xc02aaa39b223fe8d0a0e5c4f27ead9083c756cc2
0x42c3bd4fedc5e8cd4732118a9718a8e469959e79,0x08e0faff8bb80eaf8c30a99920355028b5bd6789 0xc02aaa39b223fe8d0a0e5c4f27ead9083c756cc2
0x8c8f418a982414181d84e4603f6dd33d09c6ebc2,0x46e98ffe40e408ba6412beb670507e083c8b95ff 0xd9016a907dc0ecfa3ca425ab20b6b785b42f2373
0x14df541119f629c05d020f7c2d9862f0677da7e5,0x557b933a7c2c45672b610f8954a3deb39a51a8ca 0xba41ddf06b7ffd89d1267b5a93bfef2424eb2003
0xc84778a8737b81a8c48dbf7b9bc84ae97bf33fa4,0x3832d2f059e55934220881f831be501d180671a7 0xc02aaa39b223fe8d0a0e5c4f27ead9083c756cc2
0x60cd8dcc7cce0cca6a3743727ce909b6f715b2d8,0xc02aaa39b223fe8d0a0e5c4f27ead9083c756cc2 0xda007777d86ac6d989cc9f79a73261b3fc5e0da0
0x09071bd5ea1b26ad3b24be2839e2f8b44331c66d,0x09a3ecafa817268f77be1283176b946c4ff2e608 0xc02aaa39b223fe8d0a0e5c4f27ead9083c756cc2
0x6a928d733606943559556f7eb22057c1964ce56a,0x8564653879a18c560e7c0ea0e084c516c62f5653 0xc02aaa39b223fe8d0a0e5c4f27ead9083c756cc2
0x87febfb3ac5791034fd5ef1a615e9d9627c2665d,0x1ceb5cb57c4d4e2b2433641b95dd330a33185a44 0xc02aaa39b223fe8d0a0e5c4f27ead9083c756cc2
0x0b3ecea6bc79be3ecc805528655c4fc173cac2dd,0x01e0e2e61f554ecaaec0cc933e739ad90f24a86d 0xa0b86991c6218b36c1d19d4a2e9eb0ce3606eb48
0x7f8f7dd53d1f3ac1052565e3ff451d7fe666a311,0x7d1afa7b718fb893db30a3abc0cfc608aacfebb0 0xc02aaa39b223fe8d0a0e5c4f27ead9083c756cc2
0xd34d4916440dba56a5719af981e646d69c9cec0d,0x00c2999c8b2adf4abc835cc63209533973718eb1 0xc02aaa39b223fe8d0a0e5c4f27ead9083c756cc2
0x94b86ca6f7a495930fe7f552eb9e4cbb5ef2b736,0xc02aaa39b223fe8d0a0e5c4f27ead9083c756cc2 0xf16e81dce15b08f326220742020379b855b87df9
0x874376be8231dad99aabf9ef0767b3cc054c60ee,0x27c70cd1946795b66be9d954418546998b546634 0xc02aaa39b223fe8d0a0e5c4f27ead9083c756cc2
0x720b722f4ec38f99ba3bb1303258d2e816e6a95b,0x557b933a7c2c45672b610f8954a3deb39a51a8ca 0xe53ec727dbdeb9e2d5456c3be40cff031ab40a55
0xa75f7c2f025f470355515482bde9efa8153536a8,0xba11d00c5f74255f56a5e366f4f77f5a186d7f55 0xc02aaa39b223fe8d0a0e5c4f27ead9083c756cc2
0xa9bd7eef0c7affbdbdae92105712e9ff8b06ed49,0x725c263e32c72ddc3a19bea12c5a0479a81ee688 0xc02aaa39b223fe8d0a0e5c4f27ead9083c756cc2
0x245b444954d1d33aaa0cde7c65c4bc3beacc7c97,0xc02aaa39b223fe8d0a0e5c4f27ead9083c756cc2 0xe09216f1d343dd39d6aa732a08036fee48555af0
0x242238e1eebf69b6bca5d2ef90d8c0a6ede03d3b,0xc299004a310303d1c0005cb14c70ccc02863924d 0xe09216f1d343dd39d6aa732a08036fee48555af0
0x458ae80894a0924ac763c034977e330c565f1687,0xc02aaa39b223fe8d0a0e5c4f27ead9083c756cc2 0xcafe001067cdef266afb7eb5a286dcfd277f3de5
0x18a5c094d811e1ef9116fa0bbc5cd23a70cfcddd,0x00a8b738e453ffd858a7edf03bccfe20412f0eb0 0x967da4048cd07ab37855c090aaf366e4ce1b9f48
0x4dbe0898bb125a5fa7afd2b7c0c6f54743fdf808,0x7ae0d42f23c33338de15bfa89c7405c068d9dc0a 0xc02aaa39b223fe8d0a0e5c4f27ead9083c756cc2
0x6d2f0fabb11ea0b1f4416711758e86e86fa7c154,0xa92e7c82b11d10716ab534051b271d2f6aef7df5 0xc02aaa39b223fe8d0a0e5c4f27ead9083c756cc2
0xf1360c4ae1cead17b588ec1111983d2791b760d3,0x8a9c67fee641579deba04928c4bc45f66e26343a 0xc02aaa39b223fe8d0a0e5c4f27ead9083c756cc2
0xc628da629c615909c961b1c69c3bcac0c3fad8a9,0xa47c8bf37f92abed4a126bda807a7b7498661acd 0xc02aaa39b223fe8d0a0e5c4f27ead9083c756cc2
0x8d9f34af8d66ab7a84ce1241426510dfecea868f,0xbc19712feb3a26080ebf6f2f7849b417fdd792ca 0xc02aaa39b223fe8d0a0e5c4f27ead9083c756cc2
0x8b00ee8606cc70c2dce68dea0cefe632cca0fb7b,0xa47c8bf37f92abed4a126bda807a7b7498661acd 0xc02aaa39b223fe8d0a0e5c4f27ead9083c756cc2
0xc4b26b26d720467d96e18f08664a888d4116cea6,0x0202be363b8a4820f3f4de7faf5224ff05943ab1 0xc02aaa39b223fe8d0a0e5c4f27ead9083c756cc2
0x27ed3141c1fa47113c6812c02d69d5aa044309c9,0x1cf4592ebffd730c7dc92c1bdffdfc3b9efcf29a 0xdac17f958d2ee523a2206206994597c13d831ec7
0x966ea83cf3170a309184bb742398c925249e407e,0x99295f1141d58a99e939f7be6bbe734916a875b8 0xc02aaa39b223fe8d0a0e5c4f27ead9083c756cc2
0x62970575502f4c7583f6d77e5c6ec1c740c36368,0x69fa0fee221ad11012bab0fdb45d444d3d2ce71c 0x84d821f7fbdd595c4c4a50842913e6b1e07d7a53
0x9c3ec0db90cf88f1881cabc6cb0faf0c5aa9f1c2,0x91dfbee3965baaee32784c2d546b7a0c62f268c9 0xd9016a907dc0ecfa3ca425ab20b6b785b42f2373
0x500b2df6e6f5619c0f56040c7a668cb611bd07ed,0xc02aaa39b223fe8d0a0e5c4f27ead9083c756cc2 0xe9b076b476d8865cdf79d1cf7df420ee397a7f75
0x3155acd9f75915fcc21d34035f440da7040bd3ba,0x8642a849d0dcb7a15a974794668adcfbe4794b56 0xa0b86991c6218b36c1d19d4a2e9eb0ce3606eb48
0xca1a05c4cc957a1f7f2e1ea6da2dab1c271c93e4,0x557b933a7c2c45672b610f8954a3deb39a51a8ca 0x97bbbc5d96875fb78d2f14b7ff8d7a3a74106f17
0x4fd3f9811224bf5a87bbaf002a345560c2d98d76,0x40fd72257597aa14c7231a7b1aaa29fce868f677 0xe88f8313e61a97cec1871ee37fbbe2a8bf3ed1e4
0x4a7d4be868e0b811ea804faf0d3a325c3a29a9ad,0x8f8221afbb33998d8584a2b05749ba73c37a938a 0xc02aaa39b223fe8d0a0e5c4f27ead9083c756cc2
0x3c70f4faea49e50adc8305f2e1aa0ea326a54ffc,0xc02aaa39b223fe8d0a0e5c4f27ead9083c756cc2 0xe28b3b32b6c345a34ff64674606124dd5aceca30
0x9e0f4648d2cc986196580184ed9459aba16262bf,0xa91c82b6933105c23298e631a0c1be751d239162 0xc02aaa39b223fe8d0a0e5c4f27ead9083c756cc2
0x409de5926a8a6879a5ee3ff594ad76c11d88e921,0x99d36e97676a68313ffdc627fd6b56382a2a08b6 0xc02aaa39b223fe8d0a0e5c4f27ead9083c756cc2
0x2c52e50f62dadeb85153f99f85c23537588c4969,0xc02aaa39b223fe8d0a0e5c4f27ead9083c756cc2 0xf9bbd9b68538274a7b2c9170c7a465346ecf1fa1
0x4d3138931437dcc356ca511ac812e14ba8199fd6,0x91dfbee3965baaee32784c2d546b7a0c62f268c9 0xc02aaa39b223fe8d0a0e5c4f27ead9083c756cc2
0xde68ad8502874a7d5dd1758f7b0a7831f142b78a,0xc02aaa39b223fe8d0a0e5c4f27ead9083c756cc2 0xc719d010b63e5bbf2c0551872cd5316ed26acd83
0x8c1c499b1796d7f3c2521ac37186b52de024e58c,0x31c8eacbffdd875c74b94b077895bd78cf1e64a3 0xa0b86991c6218b36c1d19d4a2e9eb0ce3606eb48
0x70a3944215de6fa1463a098ba182634df90bb9f4,0x69a95185ee2a045cdc4bcd1b1df10710395e4e23 0xc02aaa39b223fe8d0a0e5c4f27ead9083c756cc2
0xc5ed7350e0fb3f780c756ba7d5d8539dc242a414,0xc02aaa39b223fe8d0a0e5c4f27ead9083c756cc2 0xc0ba369c8db6eb3924965e5c4fd0b4c1b91e305f
0x73fb253681c2a2f11c9d5c8e731be44a3f46b353,0x674c6ad92fd080e4004b2312b45f796a192d27a0 0xdac17f958d2ee523a2206206994597c13d831ec7
0x2ea2eb8f9a1bf17bcbf2555536c9d1e24e45ebc0,0xc02aaa39b223fe8d0a0e5c4f27ead9083c756cc2 0xf8c3527cc04340b208c854e985240c02f7b7793f
0xec8c342bc3e07f05b9a782bc34e7f04fb9b44502,0x853d955acef822db058eb8505911ed77f175b99e 0xc02aaa39b223fe8d0a0e5c4f27ead9083c756cc2
0x9b577e849b128ee1a69144b218e809b8bb98c35d,0x4a615bb7166210cce20e6642a6f8fb5d4d044496 0xc02aaa39b223fe8d0a0e5c4f27ead9083c756cc2
0x9b7dad79fc16106b47a3dab791f389c167e15eb0,0x967da4048cd07ab37855c090aaf366e4ce1b9f48 0xc02aaa39b223fe8d0a0e5c4f27ead9083c756cc2
0xf169cea51eb51774cf107c88309717dda20be167,0x2ba592f78db6436527729929aaf6c908497cb200 0xc02aaa39b223fe8d0a0e5c4f27ead9083c756cc2
0xb46736888247c68c995b156ca86426ff32e27cc9,0x3832d2f059e55934220881f831be501d180671a7 0xc02aaa39b223fe8d0a0e5c4f27ead9083c756cc2
0xd89c11842e44be8cac14f9e98ea8e1b4f1e05993,0xa5aa4e921d268e8be14be8167d5f3e2b8f13cc75 0xc02aaa39b223fe8d0a0e5c4f27ead9083c756cc2
0x37922c69b08babcceae735a31235c81f1d1e8e43,0x808507121b80c02388fad14726482e061b8da827 0xc02aaa39b223fe8d0a0e5c4f27ead9083c756cc2
0x328dfd0139e26cb0fef7b0742b49b0fe4325f821,0x41d5d79431a913c4ae7d69a668ecdfe5ff9dfb68 0xc02aaa39b223fe8d0a0e5c4f27ead9083c756cc2
0x610382c1968aa065a662e34e5a258cc64048324f,0xac3211a5025414af2866ff09c23fc18bc97e79b1 0xc02aaa39b223fe8d0a0e5c4f27ead9083c756cc2
0x796bc3622a6e0cd32e7bc02a9b6d6fdcbaf1cb26,0xaaaebe6fe48e54f431b0c390cfaf0b017d09d42d 0xc02aaa39b223fe8d0a0e5c4f27ead9083c756cc2
0xfc74ecdee4e9fff2f2ef4cdf4f1c777b2ef0e905,0x0763fdccf1ae541a5961815c0872a8c5bc6de4d7 0xc02aaa39b223fe8d0a0e5c4f27ead9083c756cc2
0x0b85b3000bef3e26e01428d1b525a532ea7513b8,0xc02aaa39b223fe8d0a0e5c4f27ead9083c756cc2 0xf21661d0d1d76d3ecb8e1b9f1c923dbfffae4097
0x0d5751e197830c7cdbf73d4c264fc00717534fb2,0x2e59d147962e2bb3fbdc52dc18cfba2653c06ccc 0xc02aaa39b223fe8d0a0e5c4f27ead9083c756cc2
0xbded49a446de07bb9c1568a4da975d2d319d0d55,0x49642110b712c1fd7261bc074105e9e44676c68f 0xc02aaa39b223fe8d0a0e5c4f27ead9083c756cc2
0xcd892049d90ddc5dfe57fe436a85dc9d84ca2ad1,0x38d9eb07a7b8df7d86f440a4a5c4a4c1a27e1a08 0xa0b86991c6218b36c1d19d4a2e9eb0ce3606eb48
0x3203d789bfdb222bfdd629b8de7c5dc38e8241ec,0x697ef32b4a3f5a4c39de1cb7563f24ca7bfc5947 0xc02aaa39b223fe8d0a0e5c4f27ead9083c756cc2
0xedf1fa564a91a5664f172470c47450af17724757,0x2f109021afe75b949429fe30523ee7c0d5b27207 0xa0b86991c6218b36c1d19d4a2e9eb0ce3606eb48
0x854373387e41371ac6e307a1f29603c6fa10d872,0x389999216860ab8e0175387a0c90e5c52522c945 0xc02aaa39b223fe8d0a0e5c4f27ead9083c756cc2
0xba13afecda9beb75de5c56bbaf696b880a5a50dd,0x9f8f72aa9304c8b593d555f12ef6589cc3a579a2 0xc02aaa39b223fe8d0a0e5c4f27ead9083c756cc2
0x5676a3e884ed64cb8e39e905f221872971803d2d,0xc82eb6dea0c93edb8b697b89ad1b13d19469d635 0xef3a930e1ffffacd2fc13434ac81bd278b0ecc8d
0xdc2b82bc1106c9c5286e59344896fb0ceb932f53,0xc02aaa39b223fe8d0a0e5c4f27ead9083c756cc2 0xd291e7a03283640fdc51b121ac401383a46cc623
0x341cdd7fe29ba0059100c4a75e0e179606d8961f,0x00c2999c8b2adf4abc835cc63209533973718eb1 0x45804880de22913dafe09f4980848ece6ecbaf78
0x541e55d40d001ca062ea0366afce05848eb7194c,0xb31ef9e52d94d4120eb44fe1ddfde5b4654a6515 0xc02aaa39b223fe8d0a0e5c4f27ead9083c756cc2
0x117d4288b3635021a3d612fe05a3cbf5c717fef2,0x476c5e26a75bd202a9683ffd34359c0cc15be0ff 0xc02aaa39b223fe8d0a0e5c4f27ead9083c756cc2
0xf848e97469538830b0b147152524184a255b9106,0x1bbf25e71ec48b84d773809b4ba55b6f4be946fb 0x97be09f2523b39b835da9ea3857cfa1d3c660cbb
0x05be6820730b30086d6355c44c424230aaff41fb,0xc02aaa39b223fe8d0a0e5c4f27ead9083c756cc2 0xcfeb09c3c5f0f78ad72166d55f9e6e9a60e96eec
0xcea4eef16e9517d504b697ae98c9add068ed4f86,0x46e98ffe40e408ba6412beb670507e083c8b95ff 0xda9fdab21bc4a5811134a6e0ba6ca06624e67c07
0x5ba61c0a8c4dcccc200cd0ccc40a5725a426d002,0x41d5d79431a913c4ae7d69a668ecdfe5ff9dfb68 0x865377367054516e17014ccded1e7d814edc9ce4
0x7dd3f5705504002dc946aeafe6629b9481b72272,0x0f51bb10119727a7e5ea3538074fb341f56b09ad 0xc02aaa39b223fe8d0a0e5c4f27ead9083c756cc2
0x4c083084c9d50334b343c44ec97d16011303cc73,0xc02aaa39b223fe8d0a0e5c4f27ead9083c756cc2 0xd9016a907dc0ecfa3ca425ab20b6b785b42f2373
0x82ebcd936c9e938704b65027850e42393f8bc4d4,0x4a615bb7166210cce20e6642a6f8fb5d4d044496 0xc02aaa39b223fe8d0a0e5c4f27ead9083c756cc2
0x722885cab8be10b27f359fcb225808fe2af07b16,0xc02aaa39b223fe8d0a0e5c4f27ead9083c756cc2 0xef9cd7882c067686691b6ff49e650b43afbbcc6b
0x2680a95fc9de215f1034f073185cc1f2a28b4107,0x8a854288a5976036a725879164ca3e91d30c6a1b 0xc02aaa39b223fe8d0a0e5c4f27ead9083c756cc2
0x53455f3b566d6968e9282d982dd1e038e78033ac,0xa150db9b1fa65b44799d4dd949d922c0a33ee606 0xc02aaa39b223fe8d0a0e5c4f27ead9083c756cc2
0xaf52befdfdaee61585258988b579c68768f47540,0x734a1fa3713cac537f09e1e4a30b898aaccada03 0xc02aaa39b223fe8d0a0e5c4f27ead9083c756cc2
0x53aabccae8c1713a6a150d9981d2ee867d0720e8,0xc02aaa39b223fe8d0a0e5c4f27ead9083c756cc2 0xfca59cd816ab1ead66534d82bc21e7515ce441cf
0xbb19141e045b133169d7c7160c5e54a54cc821b2,0x8a854288a5976036a725879164ca3e91d30c6a1b 0xc02aaa39b223fe8d0a0e5c4f27ead9083c756cc2
0xdb5247366afd7712e6dcaffa3e7077423a852f65,0x97be09f2523b39b835da9ea3857cfa1d3c660cbb 0xdac17f958d2ee523a2206206994597c13d831ec7
0x8749068c5b45fdaa369319e5daa1e5f332419c6d,0xc02aaa39b223fe8d0a0e5c4f27ead9083c756cc2 0xdf574c24545e5ffecb9a659c229253d4111d87e1
0x7ba9b94127d434182287de708643932ec036d365,0x5218e472cfcfe0b64a064f055b43b4cdc9efd3a6 0xc02aaa39b223fe8d0a0e5c4f27ead9083c756cc2
0xa914a9b9e03b6af84f9c6bd2e0e8d27d405695db,0xc02aaa39b223fe8d0a0e5c4f27ead9083c756cc2 0xd084944d3c05cd115c09d072b9f44ba3e0e45921
0x1123bb74bbcfcaa5e5e021547e38979a4a580c7d,0xc02aaa39b223fe8d0a0e5c4f27ead9083c756cc2 0xf941d3aabf2ee0f5589e68ba6047b8329592b366
0x08650bb9dc722c9c8c62e79c2bafa2d3fc5b3293,0xc02aaa39b223fe8d0a0e5c4f27ead9083c756cc2 0xff20817765cb7f73d4bde2e66e067e58d11095c2
0x424485f89ea52839fdb30640eb7dd7e0078e12fb,0x993864e43caa7f7f12953ad6feb1d1ca635b875f 0xc02aaa39b223fe8d0a0e5c4f27ead9083c756cc2
0x29c827ce49accf68a1a278c67c9d30c52fbbc348,0xc02aaa39b223fe8d0a0e5c4f27ead9083c756cc2 0xcb84d72e61e383767c4dfeb2d8ff7f4fb89abc6e
0x7f44f5040a913411c47b1ec208d4913a30aeff9d,0xc02aaa39b223fe8d0a0e5c4f27ead9083c756cc2 0xd9f6724f250f4da8453e3dd97d718872bf72c1da
0xa1d7b2d891e3a1f9ef4bbc5be20630c2feb1c470,0xc011a73ee8576fb46f5e1c5751ca3b9fe0af2a6f 0xc02aaa39b223fe8d0a0e5c4f27ead9083c756cc2
0x15e86e6f65ef7ea1dbb72a5e51a07926fb1c82e3,0xc02aaa39b223fe8d0a0e5c4f27ead9083c756cc2 0xff20817765cb7f73d4bde2e66e067e58d11095c2
0xb270176ba6075196df88b855c3ec7776871fdb33,0x77777feddddffc19ff86db637967013e6c6a116c 0xc02aaa39b223fe8d0a0e5c4f27ead9083c756cc2
0x43ddaa598f84c5c71388763f851dfc4c7e9dec84,0xc02aaa39b223fe8d0a0e5c4f27ead9083c756cc2 0xda9fdab21bc4a5811134a6e0ba6ca06624e67c07
0x031c3ada568bacc1c4831813489dff949862511a,0x97bbbc5d96875fb78d2f14b7ff8d7a3a74106f17 0xc02aaa39b223fe8d0a0e5c4f27ead9083c756cc2
0x92bcd94add6b99d8e605a69ee25d059056738008,0x31c2415c946928e9fd1af83cdfa38d3edbd4326f 0xb31ef9e52d94d4120eb44fe1ddfde5b4654a6515
0x269db91fc3c7fcc275c2e6f22e5552504512811c,0x429881672b9ae42b8eba0e26cd9c73711b891ca5 0xc02aaa39b223fe8d0a0e5c4f27ead9083c756cc2
0x3fcab0a90d8f542389b9c6d7ddc762eeea39b49a,0x1f9840a85d5af5bf1d1762f925bdaddc4201f984 0x674c6ad92fd080e4004b2312b45f796a192d27a0
0x75f89ffbe5c25161cbc7e97c988c9f391eaefaf9,0xc02aaa39b223fe8d0a0e5c4f27ead9083c756cc2 0xd075e95423c5c4ba1e122cae0f4cdfa19b82881b
0x1da92f6a396eeb104ad13743486b450bd8b96e62,0x00c2999c8b2adf4abc835cc63209533973718eb1 0xc02aaa39b223fe8d0a0e5c4f27ead9083c756cc2
0x66cab8b4acc7d125d2b5683392d4f5614093dbf0,0x557b933a7c2c45672b610f8954a3deb39a51a8ca 0x8642a849d0dcb7a15a974794668adcfbe4794b56
0x3bf1b837ccc1f62114a3e74ced4fcfb121d7e52a,0x3d658390460295fb963f54dc0899cfb1c30776df 0xc02aaa39b223fe8d0a0e5c4f27ead9083c756cc2
0xd6c783b257e662ca949b441a4fcb08a53fc49914,0x579cea1889991f68acc35ff5c3dd0621ff29b0c9 0x853d955acef822db058eb8505911ed77f175b99e
0xc2adda861f89bbb333c90c492cb837741916a225,0x9f8f72aa9304c8b593d555f12ef6589cc3a579a2 0xc02aaa39b223fe8d0a0e5c4f27ead9083c756cc2
0x19b80a02798feeaca61274104fd7047a6e569ba1,0x8642a849d0dcb7a15a974794668adcfbe4794b56 0xc02aaa39b223fe8d0a0e5c4f27ead9083c756cc2
0xfcd13ea0b906f2f87229650b8d93a51b2e839ebd,0x4206931337dc273a630d328da6441786bfad668f 0xdac17f958d2ee523a2206206994597c13d831ec7
0xac86903cdda380f20a06cc8a2dea7749f1558c68,0xc02aaa39b223fe8d0a0e5c4f27ead9083c756cc2 0xe76c6c83af64e4c60245d8c7de953df673a7a33d
0x4042a04c54ef133ac2a3c93db69d43c6c02a330b,0xaea46a60368a7bd060eec7df8cba43b7ef41ad85 0xc02aaa39b223fe8d0a0e5c4f27ead9083c756cc2
0x23bff8ca20aac06efdf23cee3b8ae296a30dfd27,0x0d438f3b5175bebc262bf23753c1e53d03432bde 0xc02aaa39b223fe8d0a0e5c4f27ead9083c756cc2
0xc5be99a02c6857f9eac67bbce58df5572498f40c,0xc02aaa39b223fe8d0a0e5c4f27ead9083c756cc2 0xd46ba6d942050d489dbd938a2c909a5d5039a161
0x2a8d7ab0133f53c977302dcb0460fa86eccec9ec,0x46e98ffe40e408ba6412beb670507e083c8b95ff 0xc02aaa39b223fe8d0a0e5c4f27ead9083c756cc2
0xa40bb1c47f6dd27142a2bd7c93bfa98db9d1f5c5,0x69af81e73a73b40adf4f3d4223cd9b1ece623074 0xa0b86991c6218b36c1d19d4a2e9eb0ce3606eb48
0x64aae17164aa665c50fbfe6176b50f33afae1c3d,0x0affa06e7fbe5bc9a764c979aa66e8256a631f02 0xc02aaa39b223fe8d0a0e5c4f27ead9083c756cc2
0x6d7b6dad6abed1dfa5eba37a6667ba9dcfd49077,0x1b40183efb4dd766f11bda7a7c3ad8982e998421 0xc02aaa39b223fe8d0a0e5c4f27ead9083c756cc2
0xee51984781254ad1a0ee3ae0ca26c4d53dea6ecb,0x2260fac5e5542a773aa44fbcfedf7c193bc2c599 0x697ef32b4a3f5a4c39de1cb7563f24ca7bfc5947
0x1437eabf0c60da8478a9e2bf1569ae432e72c465,0xb8f78ae3df5c541657161194ddbd0c5b44d1bee9 0xc02aaa39b223fe8d0a0e5c4f27ead9083c756cc2
0xb63c2f390803119a98ac63a371bcc657e366df0f,0xd7efb00d12c2c13131fd319336fdf952525da2af 0xdac17f958d2ee523a2206206994597c13d831ec7
0xec6a6b7db761a5c9910ba8fcab98116d384b1b85,0x4c19596f5aaff459fa38b0f7ed92f11ae6543784 0xc02aaa39b223fe8d0a0e5c4f27ead9083c756cc2
0xa27c56b3969cfb8fbce427337d98e3bd794ec688,0x89d24a6b4ccb1b6faa2625fe562bdd9a23260359 0xc02aaa39b223fe8d0a0e5c4f27ead9083c756cc2
0xb011eeaab8bf0c6de75510128da95498e4b7e67f,0x4d224452801aced8b2f0aebe155379bb5d594381 0xc02aaa39b223fe8d0a0e5c4f27ead9083c756cc2
0x8c56ca4f7eb12a7c217bbe36cc427a9dcb66f590,0xb0c7a3ba49c7a6eaba6cd4a96c55a1391070ac9a 0xc02aaa39b223fe8d0a0e5c4f27ead9083c756cc2
0xb52c5f5b96a428ff13cc5e60247b73cb4e13b2d9,0xb5fe099475d3030dde498c3bb6f3854f762a48ad 0xc02aaa39b223fe8d0a0e5c4f27ead9083c756cc2
0x4502988e070f96cf3bea50b4811cd5844e13a81b,0x1a76bffd6d1fc1660e1d0e0552fde51ddbb120cf 0xf21661d0d1d76d3ecb8e1b9f1c923dbfffae4097
0x1221f327f02daf75c1d9291dc9026d2f444ee360,0x88aa4a6c5050b9a1b2aa7e34d0582025ca6ab745 0xa0b86991c6218b36c1d19d4a2e9eb0ce3606eb48
0x819f3450da6f110ba6ea52195b3beafa246062de,0x7d1afa7b718fb893db30a3abc0cfc608aacfebb0 0xc02aaa39b223fe8d0a0e5c4f27ead9083c756cc2
0x82d6b30bff73c6363d024cbc2f44d1cbbee5972e,0x49642110b712c1fd7261bc074105e9e44676c68f 0xc02aaa39b223fe8d0a0e5c4f27ead9083c756cc2
0x7185cd76c2186347c8ac442867b170f37b2d6d77,0x7495e5cc8f27e0bd5bd4cb86d17f0d841ca58ee4 0xc02aaa39b223fe8d0a0e5c4f27ead9083c756cc2
0x6c8b0dee9e90ea9f790da5daf6f5b20d23b39689,0x0258f474786ddfd37abce6df6bbb1dd5dfc4434a 0xc02aaa39b223fe8d0a0e5c4f27ead9083c756cc2
0xe8e5d6786431d2d8c18a90feac1f5e7d9bf225cc,0x1fe24f25b1cf609b9c4e7e12d802e3640dfa5e43 0xa0b86991c6218b36c1d19d4a2e9eb0ce3606eb48
0x1e49768714e438e789047f48fd386686a5707db2,0x1bbf25e71ec48b84d773809b4ba55b6f4be946fb 0xdac17f958d2ee523a2206206994597c13d831ec7
0x5d08a36a46ee2ea2722a3b101a2a576341b8ddb5,0xc0ba369c8db6eb3924965e5c4fd0b4c1b91e305f 0xfbeea1c75e4c4465cb2fccc9c6d6afe984558e20
0xd3e5ca0afeae61a24ff7a9219067e51f4bfdd8d9,0x31c2415c946928e9fd1af83cdfa38d3edbd4326f 0xc02aaa39b223fe8d0a0e5c4f27ead9083c756cc2
0x8dc082087ee75b528dfd4e68fa28966666de1a60,0xa279dab6ec190ee4efce7da72896eb58ad533262 0xd075e95423c5c4ba1e122cae0f4cdfa19b82881b
0xfa405a40d3fe345e3d5e460c8d9da39ac0fb13bd,0x15d4c048f83bd7e37d49ea4c83a07267ec4203da 0xc02aaa39b223fe8d0a0e5c4f27ead9083c756cc2
0x92330d8818e8a3b50f027c819fa46031ffba2c8c,0xc02aaa39b223fe8d0a0e5c4f27ead9083c756cc2 0xe5caef4af8780e59df925470b050fb23c43ca68c
0x6f118ecebc31a5ffe49b87c47ea80f93a2af0a8a,0x7659ce147d0e714454073a5dd7003544234b6aa0 0xdac17f958d2ee523a2206206994597c13d831ec7
0x24e2adf50c49633039757ab08bff489b7c5bd6b2,0xba5bde662c17e2adff1075610382b9b691296350 0xc02aaa39b223fe8d0a0e5c4f27ead9083c756cc2
0x50ab452744ca7513dddd5f2f35a0bde7eeaddc4f,0x00c2999c8b2adf4abc835cc63209533973718eb1 0xc4ee0aa2d993ca7c9263ecfa26c6f7e13009d2b6
0x43ae24960e5534731fc831386c07755a2dc33d47,0xc011a73ee8576fb46f5e1c5751ca3b9fe0af2a6f 0xc02aaa39b223fe8d0a0e5c4f27ead9083c756cc2
0xda3a20aad0c34fa742bd9813d45bbf67c787ae0b,0x3301ee63fb29f863f2333bd4466acb46cd8323e6 0xc02aaa39b223fe8d0a0e5c4f27ead9083c756cc2
0x8bd1661da98ebdd3bd080f0be4e6d9be8ce9858c,0x408e41876cccdc0f92210600ef50372656052a38 0xc02aaa39b223fe8d0a0e5c4f27ead9083c756cc2
0xae2d4004241254aed3f93873604d39883c8259f0,0xc02aaa39b223fe8d0a0e5c4f27ead9083c756cc2 0xe3818504c1b32bf1557b16c238b2e01fd3149c17
0x1bec4db6c3bc499f3dbf289f5499c30d541fec97,0x0f5d2fb29fb7d3cfee444a200298f468908cc942 0xc02aaa39b223fe8d0a0e5c4f27ead9083c756cc2
0xe3d3551bb608e7665472180a20280630d9e938aa,0xc02aaa39b223fe8d0a0e5c4f27ead9083c756cc2 0xce3f08e664693ca792cace4af1364d5e220827b2
0xe0a97733f90d089df8eee74a8723d96196fc4931,0x38d9eb07a7b8df7d86f440a4a5c4a4c1a27e1a08 0xc02aaa39b223fe8d0a0e5c4f27ead9083c756cc2
0xa6f4eae7fdaa20e632c45d4cd39e4f3961892322,0x0316eb71485b0ab14103307bf65a021042c6d380 0xc02aaa39b223fe8d0a0e5c4f27ead9083c756cc2
0x15399e2ccee115712f37d7434455c79483ee84bc,0x135b810e48e4307ab2a59ea294a6f1724781bd3c 0xc02aaa39b223fe8d0a0e5c4f27ead9083c756cc2
0x05767d9ef41dc40689678ffca0608878fb3de906,0x4e3fbd56cd56c3e72c1403e103b45db9da5b9d2b 0xc02aaa39b223fe8d0a0e5c4f27ead9083c756cc2
0xd4e7a6e2d03e4e48dfc27dd3f46df1c176647e38,0x2e9d63788249371f1dfc918a52f8d799f4a38c94 0xc02aaa39b223fe8d0a0e5c4f27ead9083c756cc2
0xfb3cd0b8a5371fe93ef92e3988d30df7931e2820,0xc02aaa39b223fe8d0a0e5c4f27ead9083c756cc2 0xe28b3b32b6c345a34ff64674606124dd5aceca30
0xc06a8a2fb6711c31ec34c325ea8971493c3deacf,0x00a8b738e453ffd858a7edf03bccfe20412f0eb0 0x73d7c860998ca3c01ce8c808f5577d94d545d1b4
0xd3d2e2692501a5c9ca623199d38826e513033a17,0x1f9840a85d5af5bf1d1762f925bdaddc4201f984 0xc02aaa39b223fe8d0a0e5c4f27ead9083c756cc2
0xea5d03d8dd8ec7ebc6992c6f41549629524e4f4a,0xdac17f958d2ee523a2206206994597c13d831ec7 0xf0b277645e6db1824781e98bff456c1f4ec38d26
0x951304abd476e24dc2f74912592d9ae0fc0c15cb,0x030ba81f1c18d280636f32af80b9aad02cf0854e 0xc02aaa39b223fe8d0a0e5c4f27ead9083c756cc2
0xb60e1bcd4759ca910179b2bc26a4f15989d15c4a,0x2e59d147962e2bb3fbdc52dc18cfba2653c06ccc 0xc5fb36dd2fb59d3b98deff88425a3f425ee469ed
0xbcd6a2ddafbaa7f424698ed69e717c0c0f1e99bf,0x8564653879a18c560e7c0ea0e084c516c62f5653 0xc02aaa39b223fe8d0a0e5c4f27ead9083c756cc2
0xf2f98cbd5d84640a2c5cfda5c996cd830067bc95,0x31c8eacbffdd875c74b94b077895bd78cf1e64a3 0xc02aaa39b223fe8d0a0e5c4f27ead9083c756cc2
0xd65e975c7d0d5871eff8b079120e43c9f377ada1,0xae1eaae3f627aaca434127644371b67b18444051 0xc02aaa39b223fe8d0a0e5c4f27ead9083c756cc2
0x503c2e33418ec5b7c8c1b2c38c3eac7735c0aad8,0xc02aaa39b223fe8d0a0e5c4f27ead9083c756cc2 0xc299004a310303d1c0005cb14c70ccc02863924d
0x2d9824a63f8f63cf1eee95d957099ba1f78bbbcb,0x8642a849d0dcb7a15a974794668adcfbe4794b56 0xa0b86991c6218b36c1d19d4a2e9eb0ce3606eb48
0x91204649a5c9ab2cadfc2089fd22ed0fbfe170ed,0x6b1a8f210ec6b7b6643cea3583fb0c079f367898 0xc02aaa39b223fe8d0a0e5c4f27ead9083c756cc2
0x5f094191ddad05c5b6ddfa992a4f49d8d679290d,0xdac17f958d2ee523a2206206994597c13d831ec7 0xec213f83defb583af3a000b1c0ada660b1902a0f
0xff58711683be66dad6e0e20e0043af46fc7f5f49,0x3506424f91fd33084466f402d5d97f05f8e3b4af 0xc02aaa39b223fe8d0a0e5c4f27ead9083c756cc2
0xd65d267a9b0e65bd564535d1f5952788f1e7adc0,0x77381fd65aa144bddc393e0519052011bcaa9be2 0xae86f48c0b00f2a3eaef4ba4c23d17368f0f63f4
0x0d4a11d5eeaac28ec3f61d100daf4d40471f1852,0xc02aaa39b223fe8d0a0e5c4f27ead9083c756cc2 0xdac17f958d2ee523a2206206994597c13d831ec7
0x18c12a654f982f68a91e8e6a4170ca1fcb9d60a2,0x135b810e48e4307ab2a59ea294a6f1724781bd3c 0xdac17f958d2ee523a2206206994597c13d831ec7
0x74948a441fa42ae60fc39e993ed0a81041186566,0x5af2be193a6abca9c8817001f45744777db30756 0xc02aaa39b223fe8d0a0e5c4f27ead9083c756cc2
0x5399a36f54ca91a5db5c148eeb2b909bba81b82c,0x630d98424efe0ea27fb1b3ab7741907dffeaad78 0xc02aaa39b223fe8d0a0e5c4f27ead9083c756cc2
0xe1ae2769d69e823567157ad40cf89466cd615ed1,0x054d64b73d3d8a21af3d764efd76bcaa774f3bb2 0xdac17f958d2ee523a2206206994597c13d831ec7
0x65f550d18cac8e19a97e73108618b443bf301d20,0x91dfbee3965baaee32784c2d546b7a0c62f268c9 0xc02aaa39b223fe8d0a0e5c4f27ead9083c756cc2
0x4cd36d6f32586177e36179a810595a33163a20bf,0x0f51bb10119727a7e5ea3538074fb341f56b09ad 0xa0b86991c6218b36c1d19d4a2e9eb0ce3606eb48
0x7bb13fefaceef093837d504f2e92d7b7dba5aa58,0x97bbbc5d96875fb78d2f14b7ff8d7a3a74106f17 0xd9016a907dc0ecfa3ca425ab20b6b785b42f2373
0x514906fc121c7878424a5c928cad1852cc545892,0xa0246c9032bc3a600820415ae600c6388619a14d 0xa0b86991c6218b36c1d19d4a2e9eb0ce3606eb48
0x55d8ec728ea72477c6db12ca497a803c8db361e9,0xc02aaa39b223fe8d0a0e5c4f27ead9083c756cc2 0xf17e65822b568b3903685a7c9f496cf7656cc6c2
0xd84d55532b231dbb305908bc5a10b8c55ba21e5e,0x888888888889c00c67689029d7856aac1065ec11 0xc02aaa39b223fe8d0a0e5c4f27ead9083c756cc2
0x20b2ef197302be35c4c08f466a646e5da75a86e3,0xdac17f958d2ee523a2206206994597c13d831ec7 0xed0439eacf4c4965ae4613d77a5c2efe10e5f183
0xee3b01b2debd3df95bf24d4aacf8e70373113315,0xc02aaa39b223fe8d0a0e5c4f27ead9083c756cc2 0xda007777d86ac6d989cc9f79a73261b3fc5e0da0
0xcfba8f20b13761c10c28930831b29df4b623bcf0,0x490e3f4af13e1616ec97a8c6600c1061a8d0253e 0xdac17f958d2ee523a2206206994597c13d831ec7
0xc05371628f77cd274d111ec9621b5d85f5945da2,0x8686525d6627a25c68de82c228448f43c97999f2 0xc02aaa39b223fe8d0a0e5c4f27ead9083c756cc2
0xf49c43ae0faf37217bdcb00df478cf793edd6687,0xc02aaa39b223fe8d0a0e5c4f27ead9083c756cc2 0xdd974d5c2e2928dea5f71b9825b8b646686bd200
0xeb4d8b3c9dbc6351b4591faba714b88c5fecd775,0x7495e5cc8f27e0bd5bd4cb86d17f0d841ca58ee4 0xdac17f958d2ee523a2206206994597c13d831ec7
0xbe19c32b4cd202407e8eeb73e4e2949438461ae3,0x15d4c048f83bd7e37d49ea4c83a07267ec4203da 0xc02aaa39b223fe8d0a0e5c4f27ead9083c756cc2
0x9e251daeb17981477509779612dc2ffa8075aa8e,0x8fc8f8269ebca376d046ce292dc7eac40c8d358a 0xdac17f958d2ee523a2206206994597c13d831ec7
0xcc3d1ecef1f9fd25599dbea2755019dc09db3c54,0x476c5e26a75bd202a9683ffd34359c0cc15be0ff 0xc02aaa39b223fe8d0a0e5c4f27ead9083c756cc2
0xabd9c284116b2e757e3d4f6e36c5050aead24e0c,0x961c8c0b1aad0c0b10a51fef6a867e3091bcef17 0xa0b86991c6218b36c1d19d4a2e9eb0ce3606eb48
0x30e7e1989cf774726dd9f4780cab42d5558003e6,0x3845badade8e6dff049820680d1f14bd3903a5d0 0xe53ec727dbdeb9e2d5456c3be40cff031ab40a55
0x74ac706873c399dfc73a4679b1e1fbf474c306e1,0xc02aaa39b223fe8d0a0e5c4f27ead9083c756cc2 0xc4ee0aa2d993ca7c9263ecfa26c6f7e13009d2b6
0xf21638ee30e1ee8ccff28c08583f0b5ca208dab1,0x8f3470a7388c05ee4e7af3d01d8c722b0ff52374 0xc02aaa39b223fe8d0a0e5c4f27ead9083c756cc2
0x3041cbd36888becc7bbcbc0045e3b1f144466f5f,0xa0b86991c6218b36c1d19d4a2e9eb0ce3606eb48 0xdac17f958d2ee523a2206206994597c13d831ec7
0xa490ee2d50ce35fa15fbb04573b94a2a62fc1d99,0xa7925aa2a6e4575ab0c74d169f3bc3e03d4c319a 0xba5bde662c17e2adff1075610382b9b691296350
0xa35450ca831ffdbf144153e2325b30285872ef10,0x809e130e10e787139c54e1d12d3d1971b7a675bf 0x839e71613f9aa06e5701cf6de63e303616b0dde3
0x31ca4b5e5ddca54b29e365fc80dadfd8500d290b,0x20f7a3ddf244dc9299975b4da1c39f8d5d75f05a 0xc02aaa39b223fe8d0a0e5c4f27ead9083c756cc2
0x8d7a93e896784a64c17a11f29067bd5416df7d60,0x6069c9223e8a5da1ec49ac5525d4bb757af72cd8 0xc02aaa39b223fe8d0a0e5c4f27ead9083c756cc2
0xe94272661fd46362e5dd247221e0fc018a298d09,0x9040e237c3bf18347bb00957dc22167d0f2b999d 0xc02aaa39b223fe8d0a0e5c4f27ead9083c756cc2
0xa6c6b56c70abf14ed63edaffb45bb82a64454a77,0x7b32e70e8d73ac87c1b342e063528b2930b15ceb 0xc02aaa39b223fe8d0a0e5c4f27ead9083c756cc2
0xdbaa04796cb5c05d02b8a41b702d9b67c13c9fa9,0x1c9922314ed1415c95b9fd453c3818fd41867d0b 0xc02aaa39b223fe8d0a0e5c4f27ead9083c756cc2
0x0120b5473cc9b28321a8f6e712cb5b4d2df32b31,0xc02aaa39b223fe8d0a0e5c4f27ead9083c756cc2 0xd502f487e1841fdc805130e13eae80c61186bc98
0xb8a1a865e4405281311c5bc0f90c240498472d3e,0xa8c8cfb141a3bb59fea1e2ea6b79b5ecbcd7b6ca 0xc02aaa39b223fe8d0a0e5c4f27ead9083c756cc2
0xff1ed3671b108c06241d8c6e2565eebcc219897b,0x035df12e0f3ac6671126525f1015e47d79dfeddf 0xc02aaa39b223fe8d0a0e5c4f27ead9083c756cc2
0xf7bb3cbe60e63bb3d5dc40fb48f1857b40660b2f,0xba41ddf06b7ffd89d1267b5a93bfef2424eb2003 0xc02aaa39b223fe8d0a0e5c4f27ead9083c756cc2
0x8cb77ea869def8f7fdeab9e4da6cf02897bbf076,0x8ab7404063ec4dbcfd4598215992dc3f8ec853d7 0xc02aaa39b223fe8d0a0e5c4f27ead9083c756cc2
0x97f34c8e5992eb985c5f740e7ee8c7e48a1de76a,0xad32a8e6220741182940c5abf610bde99e737b2d 0xc02aaa39b223fe8d0a0e5c4f27ead9083c756cc2
0xdab6d56915d36060c8d6cf29a7a84910da614603,0x9e32b13ce7f2e80a01932b42553652e053d6ed8e 0xc02aaa39b223fe8d0a0e5c4f27ead9083c756cc2
0x96f5b7c2be10dc7de02fa8858a8f1bd19c2fa72a,0x0f51bb10119727a7e5ea3538074fb341f56b09ad 0xc02aaa39b223fe8d0a0e5c4f27ead9083c756cc2
0xa9e98dc206f21fa0992ec640ba37ab4f62b223e9,0xa279dab6ec190ee4efce7da72896eb58ad533262 0xc02aaa39b223fe8d0a0e5c4f27ead9083c756cc2
0xd64224a4c2bed96c75df9517b2d77aebb13f0e37,0x4bd70556ae3f8a6ec6c4080a0c327b24325438f3 0xc02aaa39b223fe8d0a0e5c4f27ead9083c756cc2
0xc09bf2b1bc8725903c509e8caeef9190857215a8,0x73d7c860998ca3c01ce8c808f5577d94d545d1b4 0xc02aaa39b223fe8d0a0e5c4f27ead9083c756cc2
0x65d012401ba1176ae6ca82296cee7854ee5a43ed,0xba41ddf06b7ffd89d1267b5a93bfef2424eb2003 0xd9016a907dc0ecfa3ca425ab20b6b785b42f2373
0xba38eca6dfdb92ec605c4281c3944fccd9dec898,0x01e0e2e61f554ecaaec0cc933e739ad90f24a86d 0xc02aaa39b223fe8d0a0e5c4f27ead9083c756cc2
0x38a94c4f4d9400643f0fb97198f90c93986f018e,0xc02aaa39b223fe8d0a0e5c4f27ead9083c756cc2 0xfbeea1c75e4c4465cb2fccc9c6d6afe984558e20
0xd0af55fb4be7f8946f06a826056b8993fdff7654,0xae86f48c0b00f2a3eaef4ba4c23d17368f0f63f4 0xc02aaa39b223fe8d0a0e5c4f27ead9083c756cc2
0x30bc873193466dc59fc08159460c49f26f609795,0xac51066d7bec65dc4589368da368b212745d63e8 0xc02aaa39b223fe8d0a0e5c4f27ead9083c756cc2
0xfeeed96fdcaa5632c7def0bc18c483f1d9f6079b,0xc02aaa39b223fe8d0a0e5c4f27ead9083c756cc2 0xfd957f21bd95e723645c07c48a2d8acb8ffb3794
0x035a397725d3c9fc5ddd3e56066b7b64c749014e,0x2b591e99afe9f32eaa6214f7b7629768c40eeb39 0x3819f64f282bf135d62168c1e513280daf905e06
0xf421c3f2e695c2d4c0765379ccace8ade4a480d9,0xba11d00c5f74255f56a5e366f4f77f5a186d7f55 0xc02aaa39b223fe8d0a0e5c4f27ead9083c756cc2
0xecfbe9b182f6477a93065c1c11271232147838e5,0x865377367054516e17014ccded1e7d814edc9ce4 0xc02aaa39b223fe8d0a0e5c4f27ead9083c756cc2
0xdc98556ce24f007a5ef6dc1ce96322d65832a819,0x429881672b9ae42b8eba0e26cd9c73711b891ca5 0xc02aaa39b223fe8d0a0e5c4f27ead9083c756cc2
0x51f5953659e7d63cf0ef60b8674ef819c225169e,0x0316eb71485b0ab14103307bf65a021042c6d380 0x2ba592f78db6436527729929aaf6c908497cb200
0xcb2286d9471cc185281c4f763d34a962ed212962,0xc02aaa39b223fe8d0a0e5c4f27ead9083c756cc2 0xd46ba6d942050d489dbd938a2c909a5d5039a161
0x6e8abba440a58421f5eec9892b19c1a72c55c992,0x054d64b73d3d8a21af3d764efd76bcaa774f3bb2 0xc02aaa39b223fe8d0a0e5c4f27ead9083c756cc2
0xf047ee812b21050186f86106f6cabdfec35366c6,0x155ff1a85f440ee0a382ea949f24ce4e0b751c65 0x1b8568fbb47708e9e9d31ff303254f748805bf21
0x55d5c232d921b9eaa6b37b5845e439acd04b4dba,0x2b591e99afe9f32eaa6214f7b7629768c40eeb39 0xc02aaa39b223fe8d0a0e5c4f27ead9083c756cc2
0xb4e16d0168e52d35cacd2c6185b44281ec28c9dc,0xa0b86991c6218b36c1d19d4a2e9eb0ce3606eb48 0xc02aaa39b223fe8d0a0e5c4f27ead9083c756cc2
0xc926990039045611eb1de520c1e249fd0d20a8ea,0x557b933a7c2c45672b610f8954a3deb39a51a8ca 0xc02aaa39b223fe8d0a0e5c4f27ead9083c756cc2
0x3a925503970d40d36d2329e3846e09fcfc9b6acb,0x993864e43caa7f7f12953ad6feb1d1ca635b875f 0xdac17f958d2ee523a2206206994597c13d831ec7
0x0d0d65e7a7db277d3e0f5e1676325e75f3340455,0xa3bed4e1c75d00fa6f4e5e6922db7261b5e9acd2 0xc02aaa39b223fe8d0a0e5c4f27ead9083c756cc2
0x58dc5a51fe44589beb22e8ce67720b5bc5378009,0xc02aaa39b223fe8d0a0e5c4f27ead9083c756cc2 0xd533a949740bb3306d119cc777fa900ba034cd52
0x64c9cfa988bbe7b2df671af345bcf8fa904cebb8,0xc02aaa39b223fe8d0a0e5c4f27ead9083c756cc2 0xe88f8313e61a97cec1871ee37fbbe2a8bf3ed1e4
0x9042f4971dc890b599e4d90dca9dba0d582ffe6d,0xba41ddf06b7ffd89d1267b5a93bfef2424eb2003 0xda9fdab21bc4a5811134a6e0ba6ca06624e67c07
0x9c5999653f44672336c2ef0a0008587fa8b9957e,0x0e29e5abbb5fd88e28b2d355774e73bd47de3bcd 0xc02aaa39b223fe8d0a0e5c4f27ead9083c756cc2
0x42b7b8f8f83fa5cbf0176f8c24ad51ebcd4b5f17,0xa0b86991c6218b36c1d19d4a2e9eb0ce3606eb48 0xcb84d72e61e383767c4dfeb2d8ff7f4fb89abc6e
0x4dd26482738be6c06c31467a19dcda9ad781e8c4,0x0b38210ea11411557c13457d4da7dc6ea731b88a 0xc02aaa39b223fe8d0a0e5c4f27ead9083c756cc2
0x1ffc57cada109985ad896a69fbcebd565db4290e,0x4e15361fd6b4bb609fa63c81a2be19d873717870 0xc02aaa39b223fe8d0a0e5c4f27ead9083c756cc2
0x8cedb0bc185c2bc06c7cbb7fae3b6f916c48ed08,0x041fdd6637ecfd96af8804278ac12660ac2d12c0 0xc02aaa39b223fe8d0a0e5c4f27ead9083c756cc2
0x94e33966edf9b819eb6ecabd88ad8ce62bae02d0,0x00c2999c8b2adf4abc835cc63209533973718eb1 0xa888d9616c2222788fa19f05f77221a290eef704
0xf5ef67632cd2256d939702a126fe2c047d0a07bf,0x6c6ee5e31d828de241282b9606c8e98ea48526e2 0xc02aaa39b223fe8d0a0e5c4f27ead9083c756cc2
0xf7d31825946e7fd99ef07212d34b9dad84c396b7,0x9813037ee2218799597d83d4a5b6f3b6778218d9 0xc02aaa39b223fe8d0a0e5c4f27ead9083c756cc2
0x06ed871e5a66bebf0af6fb768d343b1d14a04b5b,0xf21661d0d1d76d3ecb8e1b9f1c923dbfffae4097 0xf9a2d7e60a3297e513317ad1d7ce101cc4c6c8f6
0x5fa464cefe8901d66c09b85d5fcdc55b3738c688,0x2e9d63788249371f1dfc918a52f8d799f4a38c94 0xc02aaa39b223fe8d0a0e5c4f27ead9083c756cc2
0xd346d3eeae2f81755ddfb9bff907a8b492edc93f,0xb8f78ae3df5c541657161194ddbd0c5b44d1bee9 0xc02aaa39b223fe8d0a0e5c4f27ead9083c756cc2
0x0954955cad72ce5e5a879922ffbd757b04f9046c,0xa7925aa2a6e4575ab0c74d169f3bc3e03d4c319a 0xc02aaa39b223fe8d0a0e5c4f27ead9083c756cc2
0x75382c52b6f90b3f8014bfcadac2386513f1e3bc,0x607f4c5bb672230e8672085532f7e901544a7375 0xc02aaa39b223fe8d0a0e5c4f27ead9083c756cc2
0x8d308e01f0401345996552dc391e44c4f3ce8754,0xb0c7a3ba49c7a6eaba6cd4a96c55a1391070ac9a 0xc02aaa39b223fe8d0a0e5c4f27ead9083c756cc2
0x8f30ba1f75ec27a014591789d117a1bb4703bff8,0x6006fc2a849fedaba8330ce36f5133de01f96189 0xc02aaa39b223fe8d0a0e5c4f27ead9083c756cc2
0x5fa9569b0ed6aa01e234468e6a15b77988b950df,0x5732046a883704404f284ce41ffadd5b007fd668 0xa0b86991c6218b36c1d19d4a2e9eb0ce3606eb48
0x21c5918ccb42d20a2368bdca8feda0399ebfd2f6,0x3ec8798b81485a254928b70cda1cf0a2bb0b74d7 0xa0b86991c6218b36c1d19d4a2e9eb0ce3606eb48
0x4d96369002fc5b9687ee924d458a7e5baa5df34e,0x8888801af4d980682e47f1a9036e589479e835c5 0xc02aaa39b223fe8d0a0e5c4f27ead9083c756cc2
0x2979fa622ccb9f6b8925ca831f30c405077730c6,0x0763fdccf1ae541a5961815c0872a8c5bc6de4d7 0xc02aaa39b223fe8d0a0e5c4f27ead9083c756cc2
0xaa500101c73065f755ba9b902d643705ef2523e3,0xc02aaa39b223fe8d0a0e5c4f27ead9083c756cc2 0xef9cd7882c067686691b6ff49e650b43afbbcc6b
0x01962144d41415cca072900fe87bbe2992a99f10,0x40fd72257597aa14c7231a7b1aaa29fce868f677 0xc02aaa39b223fe8d0a0e5c4f27ead9083c756cc2
0xbbcd9986304fe340870f4816c614ba0c7a53512e,0xc02aaa39b223fe8d0a0e5c4f27ead9083c756cc2 0xd794dd1cada4cf79c9eebaab8327a1b0507ef7d4
0x2b6a25f7c54f43c71c743e627f5663232586c39f,0x8a9c67fee641579deba04928c4bc45f66e26343a 0xc02aaa39b223fe8d0a0e5c4f27ead9083c756cc2
0xe1573b9d29e2183b1af0e743dc2754979a40d237,0x3432b6a60d23ca0dfca7761b7ab56459d9c964d0 0x853d955acef822db058eb8505911ed77f175b99e
0x60bce13608701789ab9c8faa9b82de115ea8744d,0x35a532d376ffd9a705d0bb319532837337a398e7 0xc02aaa39b223fe8d0a0e5c4f27ead9083c756cc2
0xec736f21bea3d34f222ba101af231b57699760f3,0xc02aaa39b223fe8d0a0e5c4f27ead9083c756cc2 0xc82eb6dea0c93edb8b697b89ad1b13d19469d635
0x01688e1a356c38a8ed7c565bf6c6bfd59543a560,0x0c7d5ae016f806603cb1782bea29ac69471cab9c 0xc02aaa39b223fe8d0a0e5c4f27ead9083c756cc2
0xd6e1720b9a3bce9925e29f6b05204748097d287b,0x6069c9223e8a5da1ec49ac5525d4bb757af72cd8 0xdac17f958d2ee523a2206206994597c13d831ec7
0x0efea698136d636e2babad10821e9064fe08f418,0xc02aaa39b223fe8d0a0e5c4f27ead9083c756cc2 0xf16e81dce15b08f326220742020379b855b87df9
0x1a1fe6f955b6567a75dddec526320a4a1a214fa9,0x0f71b8de197a1c84d31de0f1fa7926c365f052b3 0xc02aaa39b223fe8d0a0e5c4f27ead9083c756cc2
0x3fd4cf9303c4bc9e13772618828712c8eac7dd2f,0x1f573d6fb3f13d689ff844b4ce37794d79a7ff1c 0xc02aaa39b223fe8d0a0e5c4f27ead9083c756cc2
0xd805fb416585d1d724e29f0e38529b9c7a5db81d,0x74be64b45d394fa57816c1950e94dbb8d7a7b306 0xc02aaa39b223fe8d0a0e5c4f27ead9083c756cc2
0x4620bee6e5bd679b0242bf0bd6291b0ac45b909b,0xa0b86991c6218b36c1d19d4a2e9eb0ce3606eb48 0xba41ddf06b7ffd89d1267b5a93bfef2424eb2003
0xa703f8d610369088f14f2a9954cd1cb394032c03,0x667102bd3413bfeaa3dffb48fa8288819e480a88 0xa0b86991c6218b36c1d19d4a2e9eb0ce3606eb48
0x6d051fe6f3f53dce2981757b480c468c22e91983,0xc02aaa39b223fe8d0a0e5c4f27ead9083c756cc2 0xd85301d4ab345b901a0ef369f69f7e6ff06b97a3
0x057725d477f2eb6dc7ee9fe0cdd5d13b9e7c4208,0xa0b86991c6218b36c1d19d4a2e9eb0ce3606eb48 0xdd3a88ef8535ff7b19178b735c52ea277ef25623
0xde93684627d4e34d6ef96adf5bcabf10bbd8dd81,0xac51066d7bec65dc4589368da368b212745d63e8 0xdac17f958d2ee523a2206206994597c13d831ec7
0xc6f348dd3b91a56d117ec0071c1e9b83c0996de4,0xc02aaa39b223fe8d0a0e5c4f27ead9083c756cc2 0xe41d2489571d322189246dafa5ebde1f4699f498
0xdd3e7f165f96356f88cd76d6971f03d089536ca2,0x2559813bbb508c4c79e9ccce4703bcb1f149edd7 0x2e59d147962e2bb3fbdc52dc18cfba2653c06ccc
0xa3509a16bbfc5992eb01cc861b615ccd8e937da8,0xc02aaa39b223fe8d0a0e5c4f27ead9083c756cc2 0xde30da39c46104798bb5aa3fe8b9e0e1f348163f
0x5281e311734869c64ca60ef047fd87759397efe6,0xc02aaa39b223fe8d0a0e5c4f27ead9083c756cc2 0xf0f9d895aca5c8678f706fb8216fa22957685a13
0x5b49001c8b756ab44b6ec3bcd1ea3f3a1c3cd758,0xc02aaa39b223fe8d0a0e5c4f27ead9083c756cc2 0xda4dd9586d27202a338843dd6b9824d267006783
0x663242d053057f317a773d7c262b700616d0b9a0,0xa3bed4e1c75d00fa6f4e5e6922db7261b5e9acd2 0xc02aaa39b223fe8d0a0e5c4f27ead9083c756cc2
0x611cde65dea90918c0078ac0400a72b0d25b9bb1,0x408e41876cccdc0f92210600ef50372656052a38 0xc02aaa39b223fe8d0a0e5c4f27ead9083c756cc2
0x7d611e4cf1c7b94561c4caa5602f329d108336e3,0xc02aaa39b223fe8d0a0e5c4f27ead9083c756cc2 0xed0439eacf4c4965ae4613d77a5c2efe10e5f183
0x31fa985bb0c282a814e7f3f0dce88b2a44197f60,0x69af81e73a73b40adf4f3d4223cd9b1ece623074 0xa0b86991c6218b36c1d19d4a2e9eb0ce3606eb48
0x510c9b3fe162f463dac2f8c6ddd3d8ed5f49e360,0x7968bc6a03017ea2de509aaa816f163db0f35148 0x8a2279d4a90b6fe1c4b30fa660cc9f926797baa2
0xffa6b93c9fc7e70a9d168f7672df2dda1b86d8c7,0x81b1bfd6cb9ad42db395c2a27f73d4dcf5777e2d 0xa7925aa2a6e4575ab0c74d169f3bc3e03d4c319a
0xc2f71bbca8fc4b8f0646bfe49c2514913f51c328,0x2260fac5e5542a773aa44fbcfedf7c193bc2c599 0x630d98424efe0ea27fb1b3ab7741907dffeaad78
0x811beed0119b4afce20d2583eb608c6f7af1954f,0x95ad61b0a150d79219dcf64e1e6cc01f0b64c4ce 0xc02aaa39b223fe8d0a0e5c4f27ead9083c756cc2
0xa70d458a4d9bc0e6571565faee18a48da5c0d593,0xba100000625a3754423978a60c9317c58a424e3d 0xc02aaa39b223fe8d0a0e5c4f27ead9083c756cc2
0x153f2044feace1eb377c6e1cf644d12677bd86fd,0x30dcba0405004cf124045793e1933c798af9e66a 0xc02aaa39b223fe8d0a0e5c4f27ead9083c756cc2
0xc0067d751fb1172dbab1fa003efe214ee8f419b6,0x4206931337dc273a630d328da6441786bfad668f 0xc02aaa39b223fe8d0a0e5c4f27ead9083c756cc2
0xb8b84ce0cade916988bd129eafd7934ade5fa6a9,0x0e29e5abbb5fd88e28b2d355774e73bd47de3bcd 0x9f8f72aa9304c8b593d555f12ef6589cc3a579a2
0x4085cafb2c519e6bf69ad410d91dbb6139948366,0x7d5121505149065b562c789a0145ed750e6e8cdd 0xdac17f958d2ee523a2206206994597c13d831ec7
0x16e1576d21dac49374daaec35e8145fce25be7de,0x2ef52ed7de8c5ce03a4ef0efbe9b7450f2d7edc9 0xc02aaa39b223fe8d0a0e5c4f27ead9083c756cc2
0x2395edaeb647fd499156130277aea29eb5414046,0x0affa06e7fbe5bc9a764c979aa66e8256a631f02 0xc02aaa39b223fe8d0a0e5c4f27ead9083c756cc2
0xe229a818d7e9f74a6ebbce9a2b2ebc8d7004edd2,0x557b933a7c2c45672b610f8954a3deb39a51a8ca 0x9b83f827928abdf18cf1f7e67053572b9bceff3a
0xc30647f1cfd4ac75e5a3dbb460d1a728a1f67ac5,0x1c9922314ed1415c95b9fd453c3818fd41867d0b 0x46e98ffe40e408ba6412beb670507e083c8b95ff
0x9f319e265b8189b5b5c2152cacc791b95b3da180,0x6006fc2a849fedaba8330ce36f5133de01f96189 0x80c8c3dcfb854f9542567c8dac3f44d709ebc1de
0x841bb1966c1d1b80634111691471c667e4c2bfe4,0x3819f64f282bf135d62168c1e513280daf905e06 0xa0b86991c6218b36c1d19d4a2e9eb0ce3606eb48
0x9eb369241e4270796e665ea1afac355cb99f0c32,0xc02aaa39b223fe8d0a0e5c4f27ead9083c756cc2 0xf9a2d7e60a3297e513317ad1d7ce101cc4c6c8f6
0x580d5ff808cda5247165fedaaf66efbe52f204f6,0xc02aaa39b223fe8d0a0e5c4f27ead9083c756cc2 0xf0b277645e6db1824781e98bff456c1f4ec38d26
0xe53c884c5a297713197217509ffb654c9677b347,0x4bd70556ae3f8a6ec6c4080a0c327b24325438f3 0xc02aaa39b223fe8d0a0e5c4f27ead9083c756cc2
0x3da1313ae46132a397d90d95b1424a9a7e3e0fce,0xc02aaa39b223fe8d0a0e5c4f27ead9083c756cc2 0xd533a949740bb3306d119cc777fa900ba034cd52
0xe2e998f6f498cf9acdeda38de77ca95d1d8288f6,0xb31ef9e52d94d4120eb44fe1ddfde5b4654a6515 0xc02aaa39b223fe8d0a0e5c4f27ead9083c756cc2
0xfceaaf9792139bf714a694f868a215493461446d,0x4c19596f5aaff459fa38b0f7ed92f11ae6543784 0xc02aaa39b223fe8d0a0e5c4f27ead9083c756cc2
0xddf9b7a31b32ebaf5c064c80900046c9e5b7c65f,0x2ba592f78db6436527729929aaf6c908497cb200 0xc02aaa39b223fe8d0a0e5c4f27ead9083c756cc2
0x1bbbbd88ee17ac075c5d0cb0f8214a50ac636a2c,0x9c38688e5acb9ed6049c8502650db5ac8ef96465 0xc02aaa39b223fe8d0a0e5c4f27ead9083c756cc2
0xe4275e185074afa0b760a6b0787ef42f4b030813,0xae1eaae3f627aaca434127644371b67b18444051 0xc02aaa39b223fe8d0a0e5c4f27ead9083c756cc2
0x53813285cc60b13fcd2105c6472a47af01f8ac84,0x725c263e32c72ddc3a19bea12c5a0479a81ee688 0xc02aaa39b223fe8d0a0e5c4f27ead9083c756cc2
0xe364992388319410c62eb4595d848c8ceb41172b,0x86ed939b500e121c0c5f493f399084db596dad20 0xc02aaa39b223fe8d0a0e5c4f27ead9083c756cc2
0xf6b6d608e8aad7a40597f280aa5206fceb0b9364,0x473037de59cf9484632f4a27b509cfe8d4a31404 0xa0b86991c6218b36c1d19d4a2e9eb0ce3606eb48
0x95cfa1f48fad82232772d3b1415ad4393517f3b5,0x69fa0fee221ad11012bab0fdb45d444d3d2ce71c 0xc02aaa39b223fe8d0a0e5c4f27ead9083c756cc2
0x3a08144d5dd55e7d8f6fc8d8e9c76c74bbed1729,0x16cc8367055ae7e9157dbcb9d86fd6ce82522b31 0xc02aaa39b223fe8d0a0e5c4f27ead9083c756cc2
0x31f4a91aabf723714d46e0466f6ffb325f9bbd15,0x00c2999c8b2adf4abc835cc63209533973718eb1 0x9813037ee2218799597d83d4a5b6f3b6778218d9
0x06ad23978f67ae8cc76c54b74993b31a816bac2b,0xc02aaa39b223fe8d0a0e5c4f27ead9083c756cc2 0xc834fa996fa3bec7aad3693af486ae53d8aa8b50
0x3452a7f30a712e415a0674c0341d44ee9d9786f9,0x0954906da0bf32d5479e25f46056d22f08464cab 0xc02aaa39b223fe8d0a0e5c4f27ead9083c756cc2
0x1c580cc549d03171b13b55074dc1658f60641c73,0x38e4adb44ef08f22f5b5b76a8f0c2d0dcbe7dca1 0xc02aaa39b223fe8d0a0e5c4f27ead9083c756cc2
0x84e5efdb7f668612f067b3dbf9ae2821758b292f,0x2e922f84ec5bb9cedfbb1a99543b143aa43d94b6 0xc02aaa39b223fe8d0a0e5c4f27ead9083c756cc2
0x958db6e53d1c2bc18daa0ec86a05eb2244dd4e94,0x00d1793d7c3aae506257ba985b34c76aaf642557 0xc02aaa39b223fe8d0a0e5c4f27ead9083c756cc2
0x5d95bb70e1d8b7fabc286bbc163642b3c39097a7,0x3845badade8e6dff049820680d1f14bd3903a5d0 0x557b933a7c2c45672b610f8954a3deb39a51a8ca
0xdafd66636e2561b0284edde37e42d192f2844d40,0x1f9840a85d5af5bf1d1762f925bdaddc4201f984 0xc02aaa39b223fe8d0a0e5c4f27ead9083c756cc2
0x7b504a15ef05f4eed1c07208c5815c49022a0c19,0xc02aaa39b223fe8d0a0e5c4f27ead9083c756cc2 0xc944e90c64b2c07662a292be6244bdf05cda44a7
0x26e6a391953169d141df36834acfd9c61d3d4d59,0x06f3c323f0238c72bf35011071f2b5b7f43a054c 0xc02aaa39b223fe8d0a0e5c4f27ead9083c756cc2
0x3440559f2b7ceefb98f9fd7718adce4f6082e8ae,0x6b175474e89094c44da98b954eedeac495271d0f 0xf67192a8b9f269f23802d9ab94c7875a0abb7aea
0x60a39010e4892b862d1bb6bdde908215ac5af6f3,0xc02aaa39b223fe8d0a0e5c4f27ead9083c756cc2 0xd2877702675e6ceb975b4a1dff9fb7baf4c91ea9
0x724d5c9c618a2152e99a45649a3b8cf198321f46,0x557b933a7c2c45672b610f8954a3deb39a51a8ca 0xc02aaa39b223fe8d0a0e5c4f27ead9083c756cc2
0xde5a749bda980ea3ab8c68cedd986d145f1fc23f,0xce7895c567dcf7b950890dea3360872524eeca41 0xdac17f958d2ee523a2206206994597c13d831ec7
0x92dbb765f587f6e16c07c799e0db6a1f3af498b8,0x491e136ff7ff03e6ab097e54734697bb5802fc1c 0xc02aaa39b223fe8d0a0e5c4f27ead9083c756cc2
0x0f027d40c80d8f70f77d3884776531f80b21d20e,0x1a76bffd6d1fc1660e1d0e0552fde51ddbb120cf 0xc02aaa39b223fe8d0a0e5c4f27ead9083c756cc2
0xce84867c3c02b05dc570d0135103d3fb9cc19433,0x6b3595068778dd592e39a122f4f5a5cf09c90fe2 0xc02aaa39b223fe8d0a0e5c4f27ead9083c756cc2
0x7bc735d6974f6153b1de24e40c0bf5715ca7fe1d,0x35e78b3982e87ecfd5b3f3265b601c046cdbe232 0xa0b86991c6218b36c1d19d4a2e9eb0ce3606eb48
0x6469b34a2a4723163c4902dbbdea728d20693c12,0x85f17cf997934a597031b2e18a9ab6ebd4b9f6a4 0xc02aaa39b223fe8d0a0e5c4f27ead9083c756cc2
0x24d0753e0b1db16ae4acc6456b83a43af142495b,0x05a0d55bbb2c047a3624af4db6d3a3ce2ea7da09 0xc02aaa39b223fe8d0a0e5c4f27ead9083c756cc2
0x70ec2fa6eccf4010eaf572d1c1a7bcbc72dec983,0xc02aaa39b223fe8d0a0e5c4f27ead9083c756cc2 0xfa5047c9c78b8877af97bdcb85db743fd7313d4a
0x461037159a95d0fb08428d4429aed5e7bd4fba14,0xc02aaa39b223fe8d0a0e5c4f27ead9083c756cc2 0xf67192a8b9f269f23802d9ab94c7875a0abb7aea
0x4d52f033b7a667c3db46fa358d07f768010dabfd,0xa0b86991c6218b36c1d19d4a2e9eb0ce3606eb48 0xd528cf2e081f72908e086f8800977df826b5a483
0x8878df9e1a7c87dcbf6d3999d997f262c05d8c70,0xbbbbca6a901c926f240b89eacb641d8aec7aeafd 0xc02aaa39b223fe8d0a0e5c4f27ead9083c756cc2
0x3f75a5b408feb14cba3d21bd934dc5b88908f105,0x86ed939b500e121c0c5f493f399084db596dad20 0xc02aaa39b223fe8d0a0e5c4f27ead9083c756cc2
0xecc558b8db3f95d043844442f51187ceb534d17a,0x8c543aed163909142695f2d2acd0d55791a9edb9 0xc02aaa39b223fe8d0a0e5c4f27ead9083c756cc2
0x1e9ed2a6ae58f49b3f847eb9f301849c4a20b7e3,0xaac41ec512808d64625576eddd580e7ea40ef8b2 0xc02aaa39b223fe8d0a0e5c4f27ead9083c756cc2
0x7f1da3697236d4a5e0efd2a99de5d9c076937856,0x226f7b842e0f0120b7e194d05432b3fd14773a9d 0xc02aaa39b223fe8d0a0e5c4f27ead9083c756cc2
0x025d34acfd5c65cfd5a73209f99608c9e13338f3,0x6b175474e89094c44da98b954eedeac495271d0f 0xe3818504c1b32bf1557b16c238b2e01fd3149c17
0xdc3e94ddf605864b79fce18c7cf974e579001e7b,0x6c28aef8977c9b773996d0e8376d2ee379446f2f 0xc02aaa39b223fe8d0a0e5c4f27ead9083c756cc2
0x0c6f06b32e6ae0c110861b8607e67da594781961,0xc02aaa39b223fe8d0a0e5c4f27ead9083c756cc2 0xf1dc500fde233a4055e25e5bbf516372bc4f6871
0xe5c5227d8105d8d5f26ff3634eb52e2d7cc15b50,0x00a8b738e453ffd858a7edf03bccfe20412f0eb0 0xc02aaa39b223fe8d0a0e5c4f27ead9083c756cc2
0x9d45081706102e7aaddd0973268457527722e274,0x579cea1889991f68acc35ff5c3dd0621ff29b0c9 0xc02aaa39b223fe8d0a0e5c4f27ead9083c756cc2
0x087bf4ecd89c0a37a52d08ca3c47642e1af471e7,0x6b175474e89094c44da98b954eedeac495271d0f 0x961c8c0b1aad0c0b10a51fef6a867e3091bcef17
0x172c868c77ba62f2d7e1e8f4dae904fb12d09d11,0x83e6f1e41cdd28eaceb20cb649155049fac3d5aa 0x8f3470a7388c05ee4e7af3d01d8c722b0ff52374
0x2059024d050cdafe4e4850596ff1490cfc40c7bd,0x87edffde3e14c7a66c9b9724747a1c5696b742e6 0xa0b86991c6218b36c1d19d4a2e9eb0ce3606eb48
0xc45fc1411b2915546d8f899a8192261824f4ec60,0xadffd831285d0ce26fbe98d2a26c0c9f65693c0a 0xc02aaa39b223fe8d0a0e5c4f27ead9083c756cc2
0x6060ad7b2abb5716adc82c669353e5c5f3b9fb4d,0xc02aaa39b223fe8d0a0e5c4f27ead9083c756cc2 0xfb130d93e49dca13264344966a611dc79a456bc5
0x6d57a53a45343187905aad6ad8ed532d105697c1,0x607f4c5bb672230e8672085532f7e901544a7375 0xc02aaa39b223fe8d0a0e5c4f27ead9083c756cc2
0xe8846b27988ff52c371d5bd27bf8dba4097c93d2,0xad32a8e6220741182940c5abf610bde99e737b2d 0xc02aaa39b223fe8d0a0e5c4f27ead9083c756cc2
0xaf988aff99d3d0cb870812c325c588d8d8cb7de8,0x1ceb5cb57c4d4e2b2433641b95dd330a33185a44 0xc02aaa39b223fe8d0a0e5c4f27ead9083c756cc2
0xb34716031c7196ac4a8914b164119e74d921a7fb,0x2217e5921b7edfb4bb193a6228459974010d2198 0xc02aaa39b223fe8d0a0e5c4f27ead9083c756cc2
0x6da6c5c7eb4d840049f51ba1a79ac8caf3009466,0xc02aaa39b223fe8d0a0e5c4f27ead9083c756cc2 0xef3a930e1ffffacd2fc13434ac81bd278b0ecc8d
0x6028eb8adda090cdf08fb5dfbe873081fd736867,0x2559813bbb508c4c79e9ccce4703bcb1f149edd7 0xc02aaa39b223fe8d0a0e5c4f27ead9083c756cc2
0xc8ca3c0f011fe42c48258ecbbf5d94c51f141c17,0x1fe24f25b1cf609b9c4e7e12d802e3640dfa5e43 0xc02aaa39b223fe8d0a0e5c4f27ead9083c756cc2
0xacbf3c973eeec20c573ec930ce31198afb4ad0d5,0x557b933a7c2c45672b610f8954a3deb39a51a8ca 0xa0b86991c6218b36c1d19d4a2e9eb0ce3606eb48
0xf5ca27927ffb16bd8c870dcb49750146cce8217c,0x4691937a7508860f876c9c0a2a617e7d9e945d4b 0xa0b86991c6218b36c1d19d4a2e9eb0ce3606eb48
0x81ef0c70fa76c8e7563cb26ee34a2e7f2a77c410,0xa0b86991c6218b36c1d19d4a2e9eb0ce3606eb48 0xa92e7c82b11d10716ab534051b271d2f6aef7df5
0xb27de0ba2abfbfdf15667a939f041b52118af5ba,0x8400d94a5cb0fa0d041a3788e395285d61c9ee5e 0xc02aaa39b223fe8d0a0e5c4f27ead9083c756cc2
0x90704ac59e7e54632b0cc9d22573aecd7eb094ad,0xa0b73e1ff0b80914ab6fe0444e65848c4c34450b 0xc02aaa39b223fe8d0a0e5c4f27ead9083c756cc2
0x974bfcc7b25f979950b58ce0cf8d9c621a9c771e,0x850aab69f0e0171a9a49db8be3e71351c8247df4 0xc02aaa39b223fe8d0a0e5c4f27ead9083c756cc2
0x76911e11fddb742d75b83c9e1f611f48f19234e4,0x961c8c0b1aad0c0b10a51fef6a867e3091bcef17 0xdac17f958d2ee523a2206206994597c13d831ec7
0x86fef14c27c78deaeb4349fd959caa11fc5b5d75,0xc02aaa39b223fe8d0a0e5c4f27ead9083c756cc2 0xfca59cd816ab1ead66534d82bc21e7515ce441cf
0x281df7fc89294c84afa2a21ffee8f6807f9c9226,0x0c7d5ae016f806603cb1782bea29ac69471cab9c 0xc02aaa39b223fe8d0a0e5c4f27ead9083c756cc2
0x05556053d0966c7701201a2103dcb56cf75bdd92,0xdac17f958d2ee523a2206206994597c13d831ec7 0xe41d2489571d322189246dafa5ebde1f4699f498
0x055475920a8c93cffb64d039a8205f7acc7722d3,0x64aa3364f17a4d01c6f1751fd97c2bd3d7e7f1d5 0x6b175474e89094c44da98b954eedeac495271d0f
0x3c7bcaf39cc579e3a978cb371d00a13f5ab7e4da,0xa0b86991c6218b36c1d19d4a2e9eb0ce3606eb48 0xdf574c24545e5ffecb9a659c229253d4111d87e1
0xcf4236db746dbc1855a4d095aaf58da9b030491e,0x5732046a883704404f284ce41ffadd5b007fd668 0xc02aaa39b223fe8d0a0e5c4f27ead9083c756cc2
0x8f0ee6d73073d3a873da811908d307375a1cd53a,0xc02aaa39b223fe8d0a0e5c4f27ead9083c756cc2 0xce7895c567dcf7b950890dea3360872524eeca41
0x61b62c5d56ccd158a38367ef2f539668a06356ab,0xb5fe099475d3030dde498c3bb6f3854f762a48ad 0xdac17f958d2ee523a2206206994597c13d831ec7
0x7f517657496c09c43cc28d0ca131e35dcd557e02,0x6b175474e89094c44da98b954eedeac495271d0f 0xe76c6c83af64e4c60245d8c7de953df673a7a33d
0x0de0fa91b6dbab8c8503aaa2d1dfa91a192cb149,0x2260fac5e5542a773aa44fbcfedf7c193bc2c599 0xdac17f958d2ee523a2206206994597c13d831ec7
0xb8a52f6403fb94dc8325511d8bdfc7c77c0fc3b8,0x1c9922314ed1415c95b9fd453c3818fd41867d0b 0xe53ec727dbdeb9e2d5456c3be40cff031ab40a55
0xd873f9187ed9166118b10f61ff85c5005709670e,0xdac17f958d2ee523a2206206994597c13d831ec7 0xf433089366899d83a9f26a773d59ec7ecf30355e
0x31503dcb60119a812fee820bb7042752019f2355,0xc00e94cb662c3520282e6f5717214004a7f26888 0xc02aaa39b223fe8d0a0e5c4f27ead9083c756cc2
0x0c967dff67bc0e7c4fb31b4bf67a513ae1752a00,0x55296f69f40ea6d20e478533c15a6b08b654e758 0xc02aaa39b223fe8d0a0e5c4f27ead9083c756cc2
0xab2d2f5bc36620a57ec4bb60d6a7df2a847deab5,0x892a6f9df0147e5f079b0993f486f9aca3c87881 0xc02aaa39b223fe8d0a0e5c4f27ead9083c756cc2
0xadeaa96a81ebba4e3a5525a008ee107385d588c3,0x87edffde3e14c7a66c9b9724747a1c5696b742e6 0xc02aaa39b223fe8d0a0e5c4f27ead9083c756cc2
0x99dfde431b40321a35deb6aeb55cf338ddd6eccd,0x0202be363b8a4820f3f4de7faf5224ff05943ab1 0xc02aaa39b223fe8d0a0e5c4f27ead9083c756cc2
0xf248959d7aa50cd47b448f507063eaa6cc5404c4,0xc02aaa39b223fe8d0a0e5c4f27ead9083c756cc2 0xec213f83defb583af3a000b1c0ada660b1902a0f
0x54138c3d494ec7ede33ed08ee6e0f7bc6149e2fc,0x4b13006980acb09645131b91d259eaa111eaf5ba 0xc02aaa39b223fe8d0a0e5c4f27ead9083c756cc2
0x54965801946d768b395864019903aef8b5b63bb3,0x155ff1a85f440ee0a382ea949f24ce4e0b751c65 0xc02aaa39b223fe8d0a0e5c4f27ead9083c756cc2
0xa03154bfb9a750b944b5f8de7a744a34ac6dd16d,0x965697b4ef02f0de01384d0d4f9f782b1670c163 0xc02aaa39b223fe8d0a0e5c4f27ead9083c756cc2
0x3dd49f67e9d5bc4c5e6634b3f70bfd9dc1b6bd74,0x3845badade8e6dff049820680d1f14bd3903a5d0 0xc02aaa39b223fe8d0a0e5c4f27ead9083c756cc2
0x0d80f8a039cc61b659ff299bb132de271c757325,0x46e98ffe40e408ba6412beb670507e083c8b95ff 0xc02aaa39b223fe8d0a0e5c4f27ead9083c756cc2
0x25647e01bd0967c1b9599fa3521939871d1d0888,0xc02aaa39b223fe8d0a0e5c4f27ead9083c756cc2 0xe53ec727dbdeb9e2d5456c3be40cff031ab40a55
0x12d4444f96c644385d8ab355f6ddf801315b6254,0x38e4adb44ef08f22f5b5b76a8f0c2d0dcbe7dca1 0xc02aaa39b223fe8d0a0e5c4f27ead9083c756cc2
0xd1b430eb6f5de67cc2f2fccfa559b8db70d9d96d,0x965697b4ef02f0de01384d0d4f9f782b1670c163 0xc02aaa39b223fe8d0a0e5c4f27ead9083c756cc2
0x9f17e8b13fb3dbb958607025216194a04a7bf3dd,0x809e130e10e787139c54e1d12d3d1971b7a675bf 0xa0b86991c6218b36c1d19d4a2e9eb0ce3606eb48
0x57ab5aeb8bac2586a0d437163c3eb844246336ce,0x09a3ecafa817268f77be1283176b946c4ff2e608 0xc02aaa39b223fe8d0a0e5c4f27ead9083c756cc2
0xa8aec03d5cf2824fd984ee249493d6d4d6740e61,0x0b38210ea11411557c13457d4da7dc6ea731b88a 0xc02aaa39b223fe8d0a0e5c4f27ead9083c756cc2
0xd366ed22f5b2262a2da4c32d8a4607c93690134a,0x8a2279d4a90b6fe1c4b30fa660cc9f926797baa2 0xc02aaa39b223fe8d0a0e5c4f27ead9083c756cc2
0x18a797c7c70c1bf22fdee1c09062aba709cacf04,0xc02aaa39b223fe8d0a0e5c4f27ead9083c756cc2 0xd291e7a03283640fdc51b121ac401383a46cc623
0xa416df4d96cd547337a3e8893bf3f01c2a2af5c0,0xc02aaa39b223fe8d0a0e5c4f27ead9083c756cc2 0xfb130d93e49dca13264344966a611dc79a456bc5
0x56b9f76ae3c872818f9250a700a2626240ae0169,0x2260fac5e5542a773aa44fbcfedf7c193bc2c599 0x35a532d376ffd9a705d0bb319532837337a398e7
0x95bb7d23bab3c204f4c58fbdfc1c3b34b991abf7,0x77381fd65aa144bddc393e0519052011bcaa9be2 0xc02aaa39b223fe8d0a0e5c4f27ead9083c756cc2
0x59c1349bc6f28a427e78ddb6130ec669c2f39b48,0x2d94aa3e47d9d5024503ca8491fce9a2fb4da198 0xc02aaa39b223fe8d0a0e5c4f27ead9083c756cc2
0xc465c0a16228ef6fe1bf29c04fdb04bb797fd537,0x73968b9a57c6e53d41345fd57a6e6ae27d6cdb2f 0xc02aaa39b223fe8d0a0e5c4f27ead9083c756cc2
0x7a6f2c4cce646ca078330d19dde35f2e37746c47,0x141d747c237de7bcce3f2ea776e280235e1e06e0 0xc5fb36dd2fb59d3b98deff88425a3f425ee469ed
0x7494004c78115626c37f9a53cf1612ccb0dc43a1,0x9b83f827928abdf18cf1f7e67053572b9bceff3a 0xda9fdab21bc4a5811134a6e0ba6ca06624e67c07
0x6c782082552ddccb98190a4d353e04bdd330a9f8,0xd7efb00d12c2c13131fd319336fdf952525da2af 0xf433089366899d83a9f26a773d59ec7ecf30355e
0x4d42fd2fe2eb1e4c7eec64272a1f715dce0ea535,0xa0b86991c6218b36c1d19d4a2e9eb0ce3606eb48 0xa888d9616c2222788fa19f05f77221a290eef704
0x0c722a487876989af8a05fffb6e32e45cc23fb3a,0x77777feddddffc19ff86db637967013e6c6a116c 0xc02aaa39b223fe8d0a0e5c4f27ead9083c756cc2
0x43632e3448cd47440fee797258081414d91a58ce,0x1337def18c680af1f9f45cbcab6309562975b1dd 0xc02aaa39b223fe8d0a0e5c4f27ead9083c756cc2
0xdab143548832194c8f2677eba9830e0b453b37c6,0x667102bd3413bfeaa3dffb48fa8288819e480a88 0xc02aaa39b223fe8d0a0e5c4f27ead9083c756cc2
0xa73df646512c82550c2b3c0324c4eedee53b400c,0x0954906da0bf32d5479e25f46056d22f08464cab 0xc02aaa39b223fe8d0a0e5c4f27ead9083c756cc2
0x9127ecda2976c0476c434c1cf8a472d7b86cdc0a,0xbd2f0cd039e0bfcf88901c98c0bfac5ab27566e3 0xc02aaa39b223fe8d0a0e5c4f27ead9083c756cc2
0xc3d7aa944105d3fafe07fc1822102449c916a8d0,0x35a532d376ffd9a705d0bb319532837337a398e7 0xc02aaa39b223fe8d0a0e5c4f27ead9083c756cc2
0xe2cf556a2011891d0cb9f5b8681de22fb87a4753,0x3d658390460295fb963f54dc0899cfb1c30776df 0x7d1afa7b718fb893db30a3abc0cfc608aacfebb0
0x2d42efafde25cdfde195216669b655d8c188218a,0x557b933a7c2c45672b610f8954a3deb39a51a8ca 0xb31ef9e52d94d4120eb44fe1ddfde5b4654a6515
0x46836bb2551b23c5aad4775b7e04c18c0fdf0f4b,0x04abeda201850ac0124161f037efd70c74ddc74c 0xc02aaa39b223fe8d0a0e5c4f27ead9083c756cc2
0xa6890ac41e3a99a427bef68398bf06119fb5e211,0xb9ef770b6a5e12e45983c5d80545258aa38f3b78 0xc02aaa39b223fe8d0a0e5c4f27ead9083c756cc2
0x397ff1542f962076d0bfe58ea045ffa2d347aca0,0xa0b86991c6218b36c1d19d4a2e9eb0ce3606eb48 0xc02aaa39b223fe8d0a0e5c4f27ead9083c756cc2
0x132eeb05d5cb6829bd34f552cde0b6b708ef5014,0x1b40183efb4dd766f11bda7a7c3ad8982e998421 0xc02aaa39b223fe8d0a0e5c4f27ead9083c756cc2
0xbbc95e1eb6ee476e9cbb8112435e14b372563038,0x4691937a7508860f876c9c0a2a617e7d9e945d4b 0xa0b86991c6218b36c1d19d4a2e9eb0ce3606eb48
0x44b77e9ce8a20160290fcbaa44196744f354c1b7,0x2260fac5e5542a773aa44fbcfedf7c193bc2c599 0x961c8c0b1aad0c0b10a51fef6a867e3091bcef17
0xa947a05792148bb3ef478bad8d15b74d2058446a,0x839e71613f9aa06e5701cf6de63e303616b0dde3 0xa0b86991c6218b36c1d19d4a2e9eb0ce3606eb48
0x795065dcc9f64b5614c407a6efdc400da6221fb0,0x6b3595068778dd592e39a122f4f5a5cf09c90fe2 0xc02aaa39b223fe8d0a0e5c4f27ead9083c756cc2
0xdbb69ea87507525fffbd1c4f1ad6f7d30a9a402e,0x46e98ffe40e408ba6412beb670507e083c8b95ff 0x4d224452801aced8b2f0aebe155379bb5d594381
0xa14e051af256157ce093aa54cb3b2f775358f559,0x7659ce147d0e714454073a5dd7003544234b6aa0 0xc02aaa39b223fe8d0a0e5c4f27ead9083c756cc2
0x65b1785c9db3bfd93cc389609facae5c8f65c43a,0x04abeda201850ac0124161f037efd70c74ddc74c 0xdac17f958d2ee523a2206206994597c13d831ec7
0x8fedca1b2aa38dd751bf4cb329d2a1fc5b26e8f2,0xc02aaa39b223fe8d0a0e5c4f27ead9083c756cc2 0xe3818504c1b32bf1557b16c238b2e01fd3149c17
0x39993cf130593b571165f4f932799d3bcb62a1d2,0x2260fac5e5542a773aa44fbcfedf7c193bc2c599 0xd7efb00d12c2c13131fd319336fdf952525da2af
0x97e1fcb93ae7267dbafad23f7b9afaa08264cfd8,0x249e38ea4102d0cf8264d3701f1a0e39c4f2dc3b 0xc02aaa39b223fe8d0a0e5c4f27ead9083c756cc2
0xe93dc496dbc669d7ee4f03b0eb0a10bb13a4b2a4,0xa0b86991c6218b36c1d19d4a2e9eb0ce3606eb48 0xc0ba369c8db6eb3924965e5c4fd0b4c1b91e305f
0x169905f5abfce7f90e2a57e404c49b5ae2c8805b,0xb3e2cb7cccfe139f8ff84013823bf22da6b6390a 0xc02aaa39b223fe8d0a0e5c4f27ead9083c756cc2
0xa7abacaa6dd8d42c9948765da330d8812666a2e3,0x2d5c73f3597b07f23c2bb3f2422932e67eca4543 0xc02aaa39b223fe8d0a0e5c4f27ead9083c756cc2
0x14b6154bcbf537368af932901456a7feb57cbe5a,0x2f109021afe75b949429fe30523ee7c0d5b27207 0xc02aaa39b223fe8d0a0e5c4f27ead9083c756cc2
0x8c95f0ed10cd77203313471db9538388ad8f20d5,0x2260fac5e5542a773aa44fbcfedf7c193bc2c599 0x2d5c73f3597b07f23c2bb3f2422932e67eca4543
0x5ed7d3b704d692938ee25fa2c7e75a1e10670b33,0x16631e53c20fd2670027c6d53efe2642929b285c 0xc02aaa39b223fe8d0a0e5c4f27ead9083c756cc2
0xd03dffd02db4b076e3eed9272a6a243a23de16e3,0x9e32b13ce7f2e80a01932b42553652e053d6ed8e 0xc02aaa39b223fe8d0a0e5c4f27ead9083c756cc2
0x1fead6b98371793a0897b3d1a9402e4bb9906775,0x47da5456bc2e1ce391b645ce80f2e97192e4976a 0xa0b86991c6218b36c1d19d4a2e9eb0ce3606eb48
0xee802b312a957e00dd7bbc08eec8bb93d40e981d,0x80c8c3dcfb854f9542567c8dac3f44d709ebc1de 0xc02aaa39b223fe8d0a0e5c4f27ead9083c756cc2
0x64c2f792038f1fb55da1a9a22749971eac94463e,0xa0b86991c6218b36c1d19d4a2e9eb0ce3606eb48 0xf5f06ffa53ad7f5914f493f16e57b56c8dd2ea80
0xb48011d1a86aa3c86dcb141d50906084a592d855,0x8400d94a5cb0fa0d041a3788e395285d61c9ee5e 0xb3e2cb7cccfe139f8ff84013823bf22da6b6390a
0x2c1564290f52206bc396131ba5a5cf4cd2343a28,0xc02aaa39b223fe8d0a0e5c4f27ead9083c756cc2 0xeb9951021698b42e4399f9cbb6267aa35f82d59d
0xa1181481beb2dc5de0daf2c85392d81c704bf75d,0xc02aaa39b223fe8d0a0e5c4f27ead9083c756cc2 0xc18360217d8f7ab5e7c516566761ea12ce7f9d72
0x11b1f53204d03e5529f09eb3091939e4fd8c9cf3,0x0f5d2fb29fb7d3cfee444a200298f468908cc942 0xc02aaa39b223fe8d0a0e5c4f27ead9083c756cc2
0x0731ee4cf7376a1bd5a78199ac9bedc8213def24,0x2260fac5e5542a773aa44fbcfedf7c193bc2c599 0xd075e95423c5c4ba1e122cae0f4cdfa19b82881b
0xba7872534a6c9097d805d8bee97e030f4e372e54,0x961c8c0b1aad0c0b10a51fef6a867e3091bcef17 0xc02aaa39b223fe8d0a0e5c4f27ead9083c756cc2
0x1812ef69e1753f908229df40d304a5fbdcd52dd3,0x77fba179c79de5b7653f68b5039af940ada60ce0 0xdac17f958d2ee523a2206206994597c13d831ec7
0x2fdbadf3c4d5a8666bc06645b8358ab803996e28,0x0bc529c00c6401aef6d220be8c6ea1667f6ad93e 0xc02aaa39b223fe8d0a0e5c4f27ead9083c756cc2
0x4a08cf0a7bca217c24b9ee99c0395052f3707d68,0x7db5af2b9624e1b3b4bb69d6debd9ad1016a58ac 0xc02aaa39b223fe8d0a0e5c4f27ead9083c756cc2
0xa5e79baee540f000ef6f23d067cd3ac22c7d9fe6,0xaaaebe6fe48e54f431b0c390cfaf0b017d09d42d 0xc02aaa39b223fe8d0a0e5c4f27ead9083c756cc2
0xf6dcdce0ac3001b2f67f750bc64ea5beb37b5824,0x2b591e99afe9f32eaa6214f7b7629768c40eeb39 0xa0b86991c6218b36c1d19d4a2e9eb0ce3606eb48
0x73e02eaab68a41ea63bdae9dbd4b7678827b2352,0x41d5d79431a913c4ae7d69a668ecdfe5ff9dfb68 0xc02aaa39b223fe8d0a0e5c4f27ead9083c756cc2
0xf10b95372b98ccfdd84957bfbc6c586f2cf26499,0x674c6ad92fd080e4004b2312b45f796a192d27a0 0xd533a949740bb3306d119cc777fa900ba034cd52
0xee597f571c65c5abfa56a8128c4b7bb7fb31ebc6,0x47da5456bc2e1ce391b645ce80f2e97192e4976a 0xc02aaa39b223fe8d0a0e5c4f27ead9083c756cc2
0xb079d6be3faf5771e354586dbc47d0a3d37c34fb,0x8fc8f8269ebca376d046ce292dc7eac40c8d358a 0xc02aaa39b223fe8d0a0e5c4f27ead9083c756cc2
0xa1af3bb298673f46cf1299efc7e73e7b2e2d20b8,0xc02aaa39b223fe8d0a0e5c4f27ead9083c756cc2 0xc5fb36dd2fb59d3b98deff88425a3f425ee469ed
0x2b9f8fe8ffc437a9008bb3097066f02b0a1c52ec,0x8f8221afbb33998d8584a2b05749ba73c37a938a 0xdac17f958d2ee523a2206206994597c13d831ec7
0x29460f8bfc8d11ed533e0b329e23bbe23c053157,0xc02aaa39b223fe8d0a0e5c4f27ead9083c756cc2 0xd85301d4ab345b901a0ef369f69f7e6ff06b97a3
0x87da823b6fc8eb8575a235a824690fda94674c88,0x09a3ecafa817268f77be1283176b946c4ff2e608 0xa47c8bf37f92abed4a126bda807a7b7498661acd
0x560f25525284303820b232c40630145c0341e3fd,0x00d1793d7c3aae506257ba985b34c76aaf642557 0xa91c82b6933105c23298e631a0c1be751d239162
0x790aaa43d71c05ec521a66a529069ae9733a6735,0x9b83f827928abdf18cf1f7e67053572b9bceff3a 0xc02aaa39b223fe8d0a0e5c4f27ead9083c756cc2
0xdfea03ed1ec53116cd6ea45373cbb6e8823ef59d,0xae697f994fc5ebc000f8e22ebffee04612f98a0d 0xc02aaa39b223fe8d0a0e5c4f27ead9083c756cc2
0x9c18a2f9545112ab2fcbdd228536562406a53232,0x630d98424efe0ea27fb1b3ab7741907dffeaad78 0xc02aaa39b223fe8d0a0e5c4f27ead9083c756cc2
0x02d7703097c9bdf0d973470239df3b9cc1589b01,0x81b1bfd6cb9ad42db395c2a27f73d4dcf5777e2d 0xc02aaa39b223fe8d0a0e5c4f27ead9083c756cc2
0x06da0fd433c1a5d7a4faa01111c044910a184553,0xc02aaa39b223fe8d0a0e5c4f27ead9083c756cc2 0xdac17f958d2ee523a2206206994597c13d831ec7
0x0bc5ae46c32d99c434b7383183aca16dd6e9bdc8,0xc02aaa39b223fe8d0a0e5c4f27ead9083c756cc2 0xe41d2489571d322189246dafa5ebde1f4699f498
0xbbb9bf440d0f686487925fef3b0a0f9aa67753f6,0x2b591e99afe9f32eaa6214f7b7629768c40eeb39 0xdac17f958d2ee523a2206206994597c13d831ec7
0xbb2b8038a1640196fbe3e38816f3e67cba72d940,0x2260fac5e5542a773aa44fbcfedf7c193bc2c599 0xc02aaa39b223fe8d0a0e5c4f27ead9083c756cc2
0xb13201b48b1e61593df055576964d0b3aab66ea3,0x6dea81c8171d0ba574754ef6f8b412f2ed88c54d 0xc02aaa39b223fe8d0a0e5c4f27ead9083c756cc2
0xbcaf471b33f92e9bb098a2958e98649ae52c1b70,0x97bbbc5d96875fb78d2f14b7ff8d7a3a74106f17 0xda9fdab21bc4a5811134a6e0ba6ca06624e67c07
0x4e9e73c0170f09e709573127c4ab02e57b868178,0x1c9922314ed1415c95b9fd453c3818fd41867d0b 0xc02aaa39b223fe8d0a0e5c4f27ead9083c756cc2
0xc870847a71c65ab883cf0d4a4ea6a73a1ca5efdb,0x05a0d55bbb2c047a3624af4db6d3a3ce2ea7da09 0x0e29e5abbb5fd88e28b2d355774e73bd47de3bcd
0xecba967d84fcf0405f6b32bc45f4d36bfdbb2e81,0x3432b6a60d23ca0dfca7761b7ab56459d9c964d0 0xc02aaa39b223fe8d0a0e5c4f27ead9083c756cc2
0x7ca51456b20697a0e5be65e5aeb65dfe90f21150,0x1337def18c680af1f9f45cbcab6309562975b1dd 0xc02aaa39b223fe8d0a0e5c4f27ead9083c756cc2
0xbea53ac583b1af11f5b4b3f15ce163bc77b0c1bc,0x976bf616f61685e0e7e36419aee3f7cde24b0dc9 0xc02aaa39b223fe8d0a0e5c4f27ead9083c756cc2
0xb370a9d1139e556ed93861a5111e9486e48bf369,0x9b83f827928abdf18cf1f7e67053572b9bceff3a 0xd9016a907dc0ecfa3ca425ab20b6b785b42f2373
0x337b0ac0b389c65387060ab3567a19028d3d6183,0x6226e00bcac68b0fe55583b90a1d727c14fab77f 0xc02aaa39b223fe8d0a0e5c4f27ead9083c756cc2
0x684b00a5773679f88598a19976fbeb25a68e9a5f,0x6468e79a80c0eab0f9a2b574c8d5bc374af59414 0xa0b86991c6218b36c1d19d4a2e9eb0ce3606eb48
0x66e33d2605c5fb25ebb7cd7528e7997b0afa55e8,0xa0b86991c6218b36c1d19d4a2e9eb0ce3606eb48 0xbd2f0cd039e0bfcf88901c98c0bfac5ab27566e3
0xf52e78d8cc299aa43da5e2b27c7b27f5bda9095a,0x9040e237c3bf18347bb00957dc22167d0f2b999d 0xc02aaa39b223fe8d0a0e5c4f27ead9083c756cc2
0xbe71372995e8e920e4e72a29a51463677a302e8d,0x888888435fde8e7d4c54cab67f206e4199454c60 0xc02aaa39b223fe8d0a0e5c4f27ead9083c756cc2
0x9632ceef486ffa5e851fb5b9b87f1ced99add663,0x2559813bbb508c4c79e9ccce4703bcb1f149edd7 0xc5fb36dd2fb59d3b98deff88425a3f425ee469ed
0xb6627333ab7d1a85c5c554849bf3dcf5b2b8bb22,0x141d747c237de7bcce3f2ea776e280235e1e06e0 0xc02aaa39b223fe8d0a0e5c4f27ead9083c756cc2
0xffa98a091331df4600f87c9164cd27e8a5cd2405,0x83e6f1e41cdd28eaceb20cb649155049fac3d5aa 0xc02aaa39b223fe8d0a0e5c4f27ead9083c756cc2
0x319ead06eb01e808c80c7eb9bd77c5d8d163addb,0x1b8568fbb47708e9e9d31ff303254f748805bf21 0xc02aaa39b223fe8d0a0e5c4f27ead9083c756cc2
0x459e4eeafb9e5d7299bbbcd5b6ab36667ffe3597,0x38a94e92a19e970c144ded0b2dd47278ca11cc1f 0xc02aaa39b223fe8d0a0e5c4f27ead9083c756cc2
0xdbc57ba069a51daad73351eb427639198d669070,0x1cf4592ebffd730c7dc92c1bdffdfc3b9efcf29a 0x674c6ad92fd080e4004b2312b45f796a192d27a0
0x821808a9e5bce37bf7cdb92516da9fab4ea86c5f,0x557b933a7c2c45672b610f8954a3deb39a51a8ca 0x8642a849d0dcb7a15a974794668adcfbe4794b56
0xe56c60b5f9f7b5fc70de0eb79c6ee7d00efa2625,0xc02aaa39b223fe8d0a0e5c4f27ead9083c756cc2 0xf629cbd94d3791c9250152bd8dfbdf380e2a3b9c
0x06780816e8ab8b2c68fbb9f889bacd69c389d298,0x8642a849d0dcb7a15a974794668adcfbe4794b56 0xba41ddf06b7ffd89d1267b5a93bfef2424eb2003
0x6ada49aeccf6e556bb7a35ef0119cc8ca795294a,0x4691937a7508860f876c9c0a2a617e7d9e945d4b 0xc02aaa39b223fe8d0a0e5c4f27ead9083c756cc2
0xcffdded873554f362ac02f8fb1f02e5ada10516f,0xc00e94cb662c3520282e6f5717214004a7f26888 0xc02aaa39b223fe8d0a0e5c4f27ead9083c756cc2
0xe41e01a3231c0f19bacb9baee26a8554e0796391,0x7968bc6a03017ea2de509aaa816f163db0f35148 0xc02aaa39b223fe8d0a0e5c4f27ead9083c756cc2
0x56feaccb7f750b997b36a68625c7c596f0b41a58,0xa0246c9032bc3a600820415ae600c6388619a14d 0xc02aaa39b223fe8d0a0e5c4f27ead9083c756cc2
0x088ee5007c98a9677165d78dd2109ae4a3d04d0c,0x0bc529c00c6401aef6d220be8c6ea1667f6ad93e 0xc02aaa39b223fe8d0a0e5c4f27ead9083c756cc2
